stream,epoch,k,bytes,max_rank_error,build_wall_ms,build_cpu_ms
2019q1__trip_total,0,64,1708,0.012380000000000058,37.91362099991602,37.05647600000006
2019q1__trip_total,0,128,3064,0.0023599999999999177,35.4831709996688,35.24239299999987
2019q1__trip_total,0,256,5772,0.0028399999999999537,34.64606099987577,34.34376999999999
2019q1__trip_total,0,512,11376,0.000500000000000056,36.57454299991514,36.53115699999998
2019q1__trip_total,0,1024,21484,0.00021999999999999797,31.650853999963147,31.618161000000143
2019q1__trip_total,1,64,1708,0.018320000000000003,35.78813400008585,35.73246400000008
2019q1__trip_total,1,128,3064,0.0041400000000000325,34.50761100020827,34.432055000000126
2019q1__trip_total,1,256,5772,0.0024399999999999977,40.16293700033202,40.040951000000156
2019q1__trip_total,1,512,11376,0.0010200000000000209,31.861107000167976,31.693991999999895
2019q1__trip_total,1,1024,21484,0.000280000000000058,32.194236000123055,32.1967219999999
2019q1__trip_total,2,64,1708,0.0044199999999999795,35.11408399981519,35.07541400000002
2019q1__trip_total,2,128,3064,0.0042200000000000015,34.625318000053085,34.6284269999999
2019q1__trip_total,2,256,5772,0.0007800000000000029,34.65120900000329,34.573985999999834
2019q1__trip_total,2,512,11376,0.000260000000000038,37.019924000105675,36.84033700000011
2019q1__trip_total,2,1024,21484,0.00041999999999997595,31.91174699986732,31.85158099999996
2019q1__trip_total,3,64,1708,0.0025999999999999357,34.51970900005108,34.46499399999992
2019q1__trip_total,3,128,3064,0.0050000000000000044,31.747363000249607,31.66593900000003
2019q1__trip_total,3,256,5772,0.0021200000000000108,37.48337199976959,36.16687100000004
2019q1__trip_total,3,512,11376,0.0011999999999999789,36.49861000030796,36.47107000000016
2019q1__trip_total,3,1024,21484,0.0008599999999999719,37.12484700008645,36.597157999999965
2019q1__trip_total,4,64,1708,0.007120000000000015,33.70009999980539,33.635949
2019q1__trip_total,4,128,3064,0.0025399999999999867,34.13198999987799,34.09927999999995
2019q1__trip_total,4,256,5772,0.0013400000000000079,40.13002800002141,40.13155700000004
2019q1__trip_total,4,512,11376,0.0014199999999999768,53.352001999883214,41.20807000000015
2019q1__trip_total,4,1024,21484,0.00012000000000000899,56.541335999554576,50.59683599999998
2019q1__trip_total,5,64,1708,0.009979999999999989,31.355498999801057,31.35370900000023
2019q1__trip_total,5,128,3064,0.0052000000000000934,33.031715999641165,32.988877000000194
2019q1__trip_total,5,256,5772,0.0028200000000000447,34.09276799993677,34.09589599999974
2019q1__trip_total,5,512,11376,0.0010999999999999899,32.94120999998995,32.91766099999993
2019q1__trip_total,5,1024,21484,0.0008599999999999719,34.88507499969273,34.88711199999983
2019q1__trip_total,6,64,1708,0.009699999999999931,31.70065499989505,31.69902300000027
2019q1__trip_total,6,128,3064,0.006800000000000028,36.6127519996553,36.19800299999998
2019q1__trip_total,6,256,5772,0.0018200000000000438,32.68077000029734,32.68415299999994
2019q1__trip_total,6,512,11376,0.0021800000000000708,31.95362099995691,31.941059000000216
2019q1__trip_total,6,1024,21484,0.00031999999999998696,33.55322400011573,33.557775999999876
2019q1__trip_total,7,64,1708,0.01093999999999995,34.14842500023951,33.979442999999776
2019q1__trip_total,7,128,3064,0.011900000000000022,37.69772900022872,37.206461000000246
2019q1__trip_total,7,256,5772,0.0027599999999999847,35.231129999829136,35.20917400000023
2019q1__trip_total,7,512,11376,0.0006000000000000449,32.08744799985652,32.09278199999987
2019q1__trip_total,7,1024,21484,0.00043999999999999595,32.47921399997722,32.40890600000013
2019q1__trip_total,8,64,1708,0.013460000000000027,35.336194000137766,34.99786099999991
2019q1__trip_total,8,128,3064,0.0047800000000000065,42.92379499975141,42.418858
2019q1__trip_total,8,256,5772,0.0019799999999999818,41.26852499985034,40.59685199999974
2019q1__trip_total,8,512,11376,0.0019799999999999818,33.47694100011722,33.44096500000005
2019q1__trip_total,8,1024,21484,0.0010999999999999899,37.49341299999287,37.17757499999985
2019q1__trip_total,9,64,1708,0.015719999999999956,33.372507999956724,33.25927900000014
2019q1__trip_total,9,128,3064,0.005479999999999929,39.33553099977871,39.15387600000031
2019q1__trip_total,9,256,5772,0.0023799999999999377,60.34428200018738,51.797647999999974
2019q1__trip_total,9,512,11376,0.001040000000000041,45.87085899993326,45.032040000000165
2019q1__trip_total,9,1024,21484,7.999999999996898e-05,40.605891999803134,39.83229299999991
2019q1__trip_total,10,64,1708,0.01428000000000007,40.30509299991536,40.16981600000014
2019q1__trip_total,10,128,3064,0.0042200000000000015,35.602151999682974,35.60426499999991
2019q1__trip_total,10,256,5772,0.0015999999999999903,43.421099000170216,43.077325999999694
2019q1__trip_total,10,512,11376,0.0009599999999999609,37.06746799980465,36.926607000000274
2019q1__trip_total,10,1024,21484,0.0006399999999999739,40.671629999906145,40.165514999999985
2019q1__trip_total,11,64,1708,0.00653999999999999,36.38803100011501,36.18617599999973
2019q1__trip_total,11,128,3064,0.0031400000000000317,38.04040899967731,38.03043300000031
2019q1__trip_total,11,256,5772,0.0011599999999999389,37.88542399979633,37.77613000000013
2019q1__trip_total,11,512,11376,0.0011599999999999389,37.526988000081474,35.186560000000085
2019q1__trip_total,11,1024,21484,0.0008399999999999519,35.66740699989168,35.612302999999734
2019q1__trip_total,12,64,1708,0.006099999999999994,37.177254000198445,36.96502800000001
2019q1__trip_total,12,128,3064,0.00544,36.253263000162406,36.07394500000005
2019q1__trip_total,12,256,5772,0.0015800000000000258,36.539323999932094,36.42656000000022
2019q1__trip_total,12,512,11376,0.0013400000000000079,42.17798199988465,40.27840199999977
2019q1__trip_total,12,1024,21484,0.0008200000000000429,38.9136150001832,37.79867899999978
2019q1__trip_total,13,64,1708,0.011539999999999995,42.95330200011449,42.5174949999998
2019q1__trip_total,13,128,3064,0.005260000000000042,35.74945199989088,35.752051999999864
2019q1__trip_total,13,256,5772,0.0014799999999999258,37.57082599986461,37.575526999999994
2019q1__trip_total,13,512,11376,0.0012400000000000189,36.88560199998392,36.893126999999915
2019q1__trip_total,13,1024,21484,0.0014399999999999968,68.89290099979917,62.76453400000026
2019q1__trip_total,14,64,1708,0.006240000000000023,62.595356999736396,58.484884999999935
2019q1__trip_total,14,128,3064,0.005759999999999987,60.36474300026384,56.711868999999915
2019q1__trip_total,14,256,5772,0.0015399999999999997,34.70979299981991,34.712882
2019q1__trip_total,14,512,11376,0.0020000000000000018,38.03749400003653,38.04688399999989
2019q1__trip_total,14,1024,21484,0.0006999999999999784,36.33718699984456,36.33904500000007
2019q1__trip_total,15,64,1708,0.012199999999999996,32.41346499999054,32.18445599999953
2019q1__trip_total,15,128,3064,0.005099999999999993,32.27909899987935,31.923382000000444
2019q1__trip_total,15,256,5772,0.002579999999999999,33.385616000032314,33.23484600000004
2019q1__trip_total,15,512,11376,0.0006999999999999229,36.460739000176545,36.35939599999993
2019q1__trip_total,15,1024,21484,0.0010000000000000009,37.17133400004968,37.047745999999826
2019q1__trip_total,16,64,1708,0.009700000000000042,37.10116199999902,36.677157000000626
2019q1__trip_total,16,128,3064,0.00546000000000002,34.21093600036329,34.18016200000018
2019q1__trip_total,16,256,5772,0.0028799999999999937,38.37732500005586,37.97173400000009
2019q1__trip_total,16,512,11376,0.0009200000000000319,55.79957200006902,47.947664999999695
2019q1__trip_total,16,1024,21484,7.999999999996898e-05,42.85380000010264,42.45128699999956
2019q1__trip_total,17,64,1708,0.012300000000000005,36.747665999882884,36.076051999999414
2019q1__trip_total,17,128,3064,0.0022199999999999998,33.69918999987931,33.70289799999959
2019q1__trip_total,17,256,5772,0.001800000000000003,33.23261500008812,33.235721000000495
2019q1__trip_total,17,512,11376,0.0015600000000000058,33.366070999818476,33.28572199999957
2019q1__trip_total,17,1024,21484,0.0005199999999999649,32.1973780000917,32.18564199999996
2019q1__trip_total,18,64,1708,0.006400000000000072,57.37735699995028,52.97203900000014
2019q1__trip_total,18,128,3064,0.005859999999999976,43.92411599974366,42.65322000000005
2019q1__trip_total,18,256,5772,0.0021999999999999797,37.16277200010154,37.114939999999486
2019q1__trip_total,18,512,11376,0.0008599999999999719,33.01607400044304,33.01926100000063
2019q1__trip_total,18,1024,21484,0.00046000000000001595,37.91333499975735,37.915206999999285
2019q1__trip_total,19,64,1708,0.010780000000000012,35.36714900019433,35.36274300000031
2019q1__trip_total,19,128,3064,0.0040000000000000036,36.87914900001488,36.86746599999946
2019q1__trip_total,19,256,5772,0.0016199999999999548,35.795689999758906,35.79895799999999
2019q1__trip_total,19,512,11376,0.0007800000000000029,34.88437999976668,34.79632699999957
2019q1__trip_total,19,1024,21484,0.00029999999999996696,32.44425899993075,32.44735100000007
2019q1__trip_total,20,64,1708,0.008399999999999963,33.955454000079044,33.954649
2019q1__trip_total,20,128,3064,0.0039599999999999635,35.467882999910216,35.45335999999999
2019q1__trip_total,20,256,5772,0.0021799999999999597,36.64309200030402,36.60005600000016
2019q1__trip_total,20,512,11376,0.0018799999999999928,40.499145000012504,39.67874699999996
2019q1__trip_total,20,1024,21484,0.0007399999999999907,39.23891300019022,39.226129999999415
2019q1__trip_total,21,64,1708,0.0045600000000000085,35.7900190001601,35.788722000000384
2019q1__trip_total,21,128,3064,0.0032799999999999496,32.52747500027908,32.4947050000004
2019q1__trip_total,21,256,5772,0.0034800000000000386,37.054283999623294,37.04073799999996
2019q1__trip_total,21,512,11376,0.0014800000000000368,35.2151940001022,35.20335399999919
2019q1__trip_total,21,1024,21484,0.0007399999999999629,32.58250399994722,32.57155500000053
2019q1__trip_total,22,64,1708,0.021720000000000003,34.38384999981281,34.384357999999615
2019q1__trip_total,22,128,3064,0.0050200000000000244,31.189365000045655,31.192467000000335
2019q1__trip_total,22,256,5772,0.0029399999999999427,31.983726999897044,31.986453000000026
2019q1__trip_total,22,512,11376,0.0014199999999999768,39.11384699995324,37.72059099999936
2019q1__trip_total,22,1024,21484,0.000160000000000049,55.6601370003591,53.996156000000184
2019q1__trip_total,23,64,1708,0.016979999999999995,53.963368000040646,53.199661999999925
2019q1__trip_total,23,128,3064,0.0028799999999999937,40.15977000017301,40.16130299999965
2019q1__trip_total,23,256,5772,0.0031400000000000317,33.22958100034157,33.2334620000001
2019q1__trip_total,23,512,11376,0.0008799999999999919,33.39901799972722,33.40139799999964
2019q1__trip_total,23,1024,21484,0.00046000000000001595,32.679589000053966,32.659490000000346
2019q1__trip_total,24,64,1708,0.006220000000000003,37.622624000050564,37.60222199999941
2019q1__trip_total,24,128,3064,0.007359999999999978,42.04948999995395,41.9692429999996
2019q1__trip_total,24,256,5772,0.0017800000000000038,35.26904899990768,35.263795999999736
2019q1__trip_total,24,512,11376,0.0032999999999999696,34.174349999830156,34.16153999999949
2019q1__trip_total,24,1024,21484,0.0009600000000000164,32.10110200006966,32.10470799999943
2019q1__trip_total,25,64,1708,0.016859999999999986,35.524881999663194,35.50362399999951
2019q1__trip_total,25,128,3064,0.0021799999999999597,33.01752099969235,32.839860000000165
2019q1__trip_total,25,256,5772,0.0026399999999999757,32.28419100014435,32.2522619999992
2019q1__trip_total,25,512,11376,0.0012400000000000189,36.70098000020516,36.68419099999998
2019q1__trip_total,25,1024,21484,0.00039999999999995595,55.11027800002921,53.95966800000007
2019q1__trip_total,26,64,1708,0.009440000000000004,44.10184300013498,43.90362999999997
2019q1__trip_total,26,128,3064,0.0039199999999999235,34.429027999976825,34.43148299999965
2019q1__trip_total,26,256,5772,0.0028399999999999537,35.02700199987885,35.01496199999998
2019q1__trip_total,26,512,11376,0.0012400000000000189,34.86459500027195,34.86835200000016
2019q1__trip_total,26,1024,21484,0.0005600000000000049,35.51272100003189,35.146790999999844
2019q1__trip_total,27,64,1708,0.014799999999999924,36.1904350002078,36.163606999999764
2019q1__trip_total,27,128,3064,0.005319999999999991,43.616465000013704,43.619128999999646
2019q1__trip_total,27,256,5772,0.0019200000000000328,51.77919300012945,50.8101390000002
2019q1__trip_total,27,512,11376,0.0030000000000000027,35.20961399999578,35.17703800000049
2019q1__trip_total,27,1024,21484,0.00046000000000001595,34.278735000043525,34.28122099999964
2019q1__trip_total,28,64,1708,0.016859999999999986,36.088623000068765,36.07391899999968
2019q1__trip_total,28,128,3064,0.0042999999999999705,31.65683999986868,31.65898800000022
2019q1__trip_total,28,256,5772,0.004159999999999997,33.00628399983907,33.010470999999875
2019q1__trip_total,28,512,11376,0.0006800000000000139,36.93051399977776,36.639200999999844
2019q1__trip_total,28,1024,21484,0.0006599999999999939,32.261056000152166,32.264612000000525
2019q1__trip_total,29,64,1708,0.00985999999999998,33.779831000174454,33.77855700000065
2019q1__trip_total,29,128,3064,0.008179999999999965,30.682998999964184,30.669470999999504
2019q1__trip_total,29,256,5772,0.0020799999999999708,33.401960999981384,33.40541699999999
2019q1__trip_total,29,512,11376,0.0028599999999999737,36.69977399977142,36.7032699999994
2019q1__trip_total,29,1024,21484,0.000140000000000029,33.773959999962244,33.76550700000003
2019q1__trip_total,30,64,1708,0.009639999999999982,34.075178999955824,33.9722999999994
2019q1__trip_total,30,128,3064,0.007519999999999971,32.15983099971709,32.16188599999992
2019q1__trip_total,30,256,5772,0.0020999999999999908,34.422334999817394,34.426112999999425
2019q1__trip_total,30,512,11376,0.00040000000000006697,33.653876000244054,33.65593300000036
2019q1__trip_total,30,1024,21484,0.0005800000000000249,33.18183700002919,33.16919699999943
2019q1__trip_total,31,64,1708,0.020279999999999992,34.73875700001372,34.72149300000016
2019q1__trip_total,31,128,3064,0.009660000000000002,32.06891799982259,32.071866999999976
2019q1__trip_total,31,256,5772,0.0023199999999999887,42.17030999961935,42.15831399999992
2019q1__trip_total,31,512,11376,0.0006999999999999229,33.58746800040535,33.59078400000026
2019q1__trip_total,31,1024,21484,0.0008000000000000229,33.37976000011622,33.38215099999964
2019q1__trip_total,32,64,1708,0.010780000000000012,32.95795199983331,32.95588699999996
2019q1__trip_total,32,128,3064,0.0008200000000000429,51.98207500006902,50.972454000000056
2019q1__trip_total,32,256,5772,0.005120000000000013,33.25310900027034,33.25752499999979
2019q1__trip_total,32,512,11376,0.0007400000000000739,35.65340799968908,35.654914000000204
2019q1__trip_total,32,1024,21484,0.00012000000000000899,34.35160299977724,34.354755000000736
2019q1__trip_total,33,64,1708,0.011319999999999997,32.90058499987936,32.89856800000024
2019q1__trip_total,33,128,3064,0.003500000000000003,31.5699890002179,31.56121600000006
2019q1__trip_total,33,256,5772,0.0041599999999999415,33.963847999984864,33.96610299999914
2019q1__trip_total,33,512,11376,0.0011799999999999589,32.9532669998116,32.934339000000534
2019q1__trip_total,33,1024,21484,0.0007599999999999829,35.1189340003657,35.121902000000205
2019q1__trip_total,34,64,1708,0.009639999999999982,35.68281999969258,34.33480900000063
2019q1__trip_total,34,128,3064,0.006279999999999994,34.327375999964715,34.314600000000084
2019q1__trip_total,34,256,5772,0.0022799999999999487,34.67143899979419,34.67447500000098
2019q1__trip_total,34,512,11376,0.0017200000000000548,34.01616600012858,34.00114099999918
2019q1__trip_total,34,1024,21484,0.0,32.45891500000653,32.43997400000076
2019q1__trip_total,35,64,1708,0.009279999999999955,32.9067689999647,32.90442299999974
2019q1__trip_total,35,128,3064,0.0029799999999999827,50.846324999838544,50.826643000000615
2019q1__trip_total,35,256,5772,0.0040999999999999925,34.897743000328774,34.88060699999984
2019q1__trip_total,35,512,11376,0.0004999999999999449,35.21115400008057,35.21353400000038
2019q1__trip_total,35,1024,21484,0.00043999999999999595,40.7457589999467,40.726519999999766
2019q1__trip_total,36,64,1708,0.011820000000000053,35.189517000162596,35.18775100000049
2019q1__trip_total,36,128,3064,0.0016399999999999748,35.97613299962177,35.97800799999895
2019q1__trip_total,36,256,5772,0.0016199999999999548,32.64328299974295,32.64567699999965
2019q1__trip_total,36,512,11376,0.0020999999999999908,31.475584999952844,31.478712000000186
2019q1__trip_total,36,1024,21484,0.0009000000000000119,36.09395300009055,36.08299999999964
2019q1__trip_total,37,64,1708,0.009440000000000004,51.27467700003763,50.725142999999306
2019q1__trip_total,37,128,3064,0.0023199999999999887,44.36465800017686,43.09383699999891
2019q1__trip_total,37,256,5772,0.0023600000000000287,32.85558100014896,32.85817200000096
2019q1__trip_total,37,512,11376,0.0008599999999999719,32.693651000045065,32.67740200000091
2019q1__trip_total,37,1024,21484,4.0000000000040004e-05,31.83025099997394,31.832705000001127
2019q1__trip_total,38,64,1708,0.007500000000000062,31.924846999572765,31.923767000000325
2019q1__trip_total,38,128,3064,0.006919999999999996,39.03554399994391,39.01367899999997
2019q1__trip_total,38,256,5772,0.0027800000000000047,37.83589900012885,37.8444379999987
2019q1__trip_total,38,512,11376,0.0017200000000000548,40.13021299988395,40.02683899999937
2019q1__trip_total,38,1024,21484,0.0008200000000000429,35.08800899999187,35.07768399999911
2019q1__trip_total,39,64,1708,0.007780000000000009,30.912910000097327,30.9115550000012
2019q1__trip_total,39,128,3064,0.006380000000000052,33.49595899999258,33.48073699999965
2019q1__trip_total,39,256,5772,0.0017399999999999916,32.51412400004483,32.49531300000008
2019q1__trip_total,39,512,11376,0.0013599999999999168,31.814090999887412,31.815767999999522
2019q1__trip_total,39,1024,21484,0.0005199999999999649,32.03145899988158,32.035342000000355
2019q1__trip_miles,0,64,1708,0.009480000000000044,33.06897000038589,31.98314499999988
2019q1__trip_miles,0,128,3064,0.00541999999999998,37.09216100014601,37.085374000000115
2019q1__trip_miles,0,256,5772,0.0015399999999999858,33.068637999804196,33.055161000000055
2019q1__trip_miles,0,512,11376,0.0011999999999999789,35.37212599985651,35.37571700000086
2019q1__trip_miles,0,1024,21484,0.00043999999999999595,34.81074000001172,34.81312299999928
2019q1__trip_miles,1,64,1708,0.006960000000000077,38.76700199998595,38.751543000000055
2019q1__trip_miles,1,128,3064,0.0019000000000000128,51.40428499998961,51.40619500000021
2019q1__trip_miles,1,256,5772,0.00035999999999991594,30.552455999895756,30.554697999999547
2019q1__trip_miles,1,512,11376,0.00019999999999997797,30.147459999625426,30.14911999999903
2019q1__trip_miles,1,1024,21484,0.0,36.33311500016134,36.29743200000135
2019q1__trip_miles,2,64,1708,0.009480000000000044,52.03791599979013,52.03658299999958
2019q1__trip_miles,2,128,3064,0.0011599999999999389,36.80100199972003,36.803633999999974
2019q1__trip_miles,2,256,5772,0.0019400000000000528,33.28008700009377,33.28421899999867
2019q1__trip_miles,2,512,11376,0.0011999999999999789,33.107360000030894,33.093320999999065
2019q1__trip_miles,2,1024,21484,0.00021999999999999797,34.347802999946,34.34971499999939
2019q1__trip_miles,3,64,1708,0.008660000000000001,34.127893000004406,34.1246169999998
2019q1__trip_miles,3,128,3064,0.0008399999999999519,37.40552999988722,37.39116300000056
2019q1__trip_miles,3,256,5772,0.0017199999999999438,36.66815300039161,36.602261000000524
2019q1__trip_miles,3,512,11376,0.0008399999999999519,35.5835410000509,35.58573399999965
2019q1__trip_miles,3,1024,21484,0.000200000000000089,33.281247000104486,33.26303399999908
2019q1__trip_miles,4,64,1708,0.010179999999999967,32.39084999995612,32.3696730000016
2019q1__trip_miles,4,128,3064,0.005039999999999933,34.82230199961123,34.82426100000069
2019q1__trip_miles,4,256,5772,0.0018600000000000838,33.161247999942134,33.14899499999946
2019q1__trip_miles,4,512,11376,0.0007999999999999119,32.52893999979278,32.532166000001084
2019q1__trip_miles,4,1024,21484,0.000500000000000056,35.13306899958479,35.116358999999875
2019q1__trip_miles,5,64,1708,0.01541999999999999,32.86939800000255,32.83945199999927
2019q1__trip_miles,5,128,3064,0.0024600000000000177,35.32587699965006,35.32884200000019
2019q1__trip_miles,5,256,5772,0.000520000000000076,31.670248999944306,31.648417000001317
2019q1__trip_miles,5,512,11376,0.0012000000000000899,35.958479000328225,35.96185800000029
2019q1__trip_miles,5,1024,21484,0.0008799999999999919,41.797126999881584,41.79820200000073
2019q1__trip_miles,6,64,1708,0.005539999999999989,33.16281400020671,33.16127400000113
2019q1__trip_miles,6,128,3064,0.0047399999999999665,56.82378899973628,56.8246220000006
2019q1__trip_miles,6,256,5772,0.005600000000000049,57.03596400007882,57.04336800000043
2019q1__trip_miles,6,512,11376,0.0008799999999999919,102.4503429998731,94.64540199999938
2019q1__trip_miles,6,1024,21484,0.0,90.90217099992515,88.09313599999946
2019q1__trip_miles,7,64,1708,0.007879999999999998,53.10481600008643,51.56181500000123
2019q1__trip_miles,7,128,3064,0.0049399999999999444,34.79642599995714,34.78191399999986
2019q1__trip_miles,7,256,5772,0.0014399999999999968,38.09401400030765,38.02941799999893
2019q1__trip_miles,7,512,11376,0.0023600000000000287,37.29597399978957,37.28295600000031
2019q1__trip_miles,7,1024,21484,0.0008400000000000629,32.21278199998778,32.21438900000173
2019q1__trip_miles,8,64,1708,0.0018200000000000438,30.42910399972243,30.42634200000016
2019q1__trip_miles,8,128,3064,0.0046599999999999975,33.67587699995056,33.66434600000012
2019q1__trip_miles,8,256,5772,0.0047800000000000065,42.281196000203636,42.22460300000108
2019q1__trip_miles,8,512,11376,0.0011200000000000099,32.945084999937535,32.935347999998754
2019q1__trip_miles,8,1024,21484,0.00029999999999996696,31.741861999762477,31.744849999999047
2019q1__trip_miles,9,64,1708,0.018059999999999965,36.0419329999786,35.29866899999945
2019q1__trip_miles,9,128,3064,0.0022999999999999687,39.44976200000383,39.45136400000138
2019q1__trip_miles,9,256,5772,0.0023800000000000487,39.22209700021995,39.205480999999764
2019q1__trip_miles,9,512,11376,0.00023999999999990695,33.6595630001284,33.66310599999878
2019q1__trip_miles,9,1024,21484,0.00023999999999990695,33.54895100028443,33.53413099999969
2019q1__trip_miles,10,64,1708,0.0047399999999999665,39.60430799997994,38.60688400000001
2019q1__trip_miles,10,128,3064,0.009119999999999906,33.73238800031686,33.73499899999999
2019q1__trip_miles,10,256,5772,0.0023999999999999577,41.59091299970896,41.59242699999943
2019q1__trip_miles,10,512,11376,0.0,36.622335000174644,36.626025999998646
2019q1__trip_miles,10,1024,21484,0.0010000000000000009,49.154544999964855,45.83230200000088
2019q1__trip_miles,11,64,1708,0.010780000000000012,34.272173999852384,34.26966900000039
2019q1__trip_miles,11,128,3064,0.0031200000000000117,32.62360400003672,32.627648000000065
2019q1__trip_miles,11,256,5772,0.0009000000000000119,32.495587000084925,32.498177000000794
2019q1__trip_miles,11,512,11376,0.000260000000000038,32.89660400014327,32.841112000001615
2019q1__trip_miles,11,1024,21484,0.00015999999999993797,32.245046999832994,32.24759000000077
2019q1__trip_miles,12,64,1708,0.008560000000000012,33.305983999980526,33.218133000000094
2019q1__trip_miles,12,128,3064,0.007099999999999995,32.9558239996004,32.42828399999986
2019q1__trip_miles,12,256,5772,0.0011200000000000099,39.71117600030993,39.45359900000156
2019q1__trip_miles,12,512,11376,0.0014800000000000368,35.039337999933196,34.519037999999114
2019q1__trip_miles,12,1024,21484,0.000160000000000049,31.978534999780095,31.734324000000314
2019q1__trip_miles,13,64,1708,0.010500000000000065,36.32194600004368,36.31960599999928
2019q1__trip_miles,13,128,3064,0.0043599999999999195,31.777960999988863,31.765457000000552
2019q1__trip_miles,13,256,5772,0.0021400000000000308,32.95727299973805,32.960098000000215
2019q1__trip_miles,13,512,11376,0.0007400000000000739,31.84186899989072,31.83081799999954
2019q1__trip_miles,13,1024,21484,0.0,32.19933900027172,32.1702540000004
2019q1__trip_miles,14,64,1708,0.009380000000000055,32.05655800002205,32.02922100000016
2019q1__trip_miles,14,128,3064,0.005420000000000091,31.15824499991504,31.16129400000034
2019q1__trip_miles,14,256,5772,0.0045800000000000285,31.043267999848467,31.0105759999999
2019q1__trip_miles,14,512,11376,0.0010000000000000009,35.16615499984255,35.17014999999901
2019q1__trip_miles,14,1024,21484,0.00048000000000003595,34.04231000013169,34.04539399999962
2019q1__trip_miles,15,64,1708,0.011919999999999986,35.04838299977564,34.989275999999236
2019q1__trip_miles,15,128,3064,0.0022600000000000398,32.46957199962708,32.472085000000206
2019q1__trip_miles,15,256,5772,0.0013600000000000279,33.9001229999667,33.9022300000007
2019q1__trip_miles,15,512,11376,0.0018999999999999018,31.449971000256483,31.45350800000024
2019q1__trip_miles,15,1024,21484,0.001040000000000041,37.19114399973478,37.182253999999304
2019q1__trip_miles,16,64,1708,0.009059999999999957,34.56801899983475,34.56711900000009
2019q1__trip_miles,16,128,3064,0.0024600000000000177,34.60961800010409,34.59774700000118
2019q1__trip_miles,16,256,5772,0.0022399999999999087,33.44055400020807,33.44317399999852
2019q1__trip_miles,16,512,11376,0.0007599999999999829,36.542774999816174,36.512366000000185
2019q1__trip_miles,16,1024,21484,0.00029999999999996696,33.264701000007335,33.22477200000051
2019q1__trip_miles,17,64,1708,0.007959999999999967,39.326059999893914,39.22435600000007
2019q1__trip_miles,17,128,3064,0.0046200000000000685,37.60205200023847,37.588632999998595
2019q1__trip_miles,17,256,5772,0.0021800000000000708,36.91436600001907,36.9177710000006
2019q1__trip_miles,17,512,11376,0.0009799999999999809,34.222180000142544,33.64832900000003
2019q1__trip_miles,17,1024,21484,0.00034000000000000696,35.648046000005706,35.62933700000137
2019q1__trip_miles,18,64,1708,0.009160000000000057,31.815207000363444,31.812269999999643
2019q1__trip_miles,18,128,3064,0.005059999999999953,32.93628999972498,32.92028899999977
2019q1__trip_miles,18,256,5772,0.0022199999999999998,32.37391600032424,32.37652000000146
2019q1__trip_miles,18,512,11376,0.00019999999999997797,31.277192999823455,31.27956700000034
2019q1__trip_miles,18,1024,21484,0.00019999999999997797,32.99607600001764,32.99869599999994
2019q1__trip_miles,19,64,1708,0.0040999999999999925,32.86965799998143,32.84661599999872
2019q1__trip_miles,19,128,3064,0.007040000000000046,32.320312000138074,32.3227320000008
2019q1__trip_miles,19,256,5772,0.0030399999999999316,32.35049499971865,32.353771000000364
2019q1__trip_miles,19,512,11376,0.0008000000000000229,35.2238989999023,35.205825000000246
2019q1__trip_miles,19,1024,21484,0.0006599999999999939,33.37170100030562,33.328627000001276
2019q1__trip_miles,20,64,1708,0.011819999999999942,40.155496999886964,40.15206599999921
2019q1__trip_miles,20,128,3064,0.0036399999999999766,35.75214099964796,35.754166000000254
2019q1__trip_miles,20,256,5772,0.0025199999999999667,31.324739000410773,31.32746200000014
2019q1__trip_miles,20,512,11376,0.0015600000000000058,34.3294069998592,34.33328600000074
2019q1__trip_miles,20,1024,21484,0.000260000000000038,33.287804999872606,33.290052999999986
2019q1__trip_miles,21,64,1708,0.012340000000000018,51.60756700024649,51.195054000000795
2019q1__trip_miles,21,128,3064,0.005580000000000029,52.47350399986317,52.46000800000061
2019q1__trip_miles,21,256,5772,0.0026200000000000667,38.065631000336,38.06919600000036
2019q1__trip_miles,21,512,11376,0.0013600000000000279,34.92801599986706,34.93248799999904
2019q1__trip_miles,21,1024,21484,0.000140000000000029,32.8919390003648,32.893880000001374
2019q1__trip_miles,22,64,1708,0.010000000000000009,35.42163000020082,35.42032700000064
2019q1__trip_miles,22,128,3064,0.0049599999999999644,34.2713760001061,34.2543450000008
2019q1__trip_miles,22,256,5772,0.0011999999999999789,37.1914160000415,37.1206320000006
2019q1__trip_miles,22,512,11376,0.0006399999999999739,33.573248000266176,33.55657900000075
2019q1__trip_miles,22,1024,21484,9.999999999998899e-05,31.776840000020457,31.779294000001457
2019q1__trip_miles,23,64,1708,0.0029200000000000337,33.069679999698565,32.98212400000011
2019q1__trip_miles,23,128,3064,0.005160000000000053,34.27446899968345,34.01159500000084
2019q1__trip_miles,23,256,5772,0.0042800000000000615,34.097764999842184,34.06513999999916
2019q1__trip_miles,23,512,11376,0.0017999999999999128,33.0434200000127,32.946335000000104
2019q1__trip_miles,23,1024,21484,0.0007999999999999119,34.78242400024101,34.65355400000014
2019q1__trip_miles,24,64,1708,0.010739999999999972,39.52545599986479,39.45898000000092
2019q1__trip_miles,24,128,3064,0.0026199999999999557,33.72179799998776,33.704248999999464
2019q1__trip_miles,24,256,5772,0.0041999999999999815,41.18471400033741,37.533940999999515
2019q1__trip_miles,24,512,11376,0.0014600000000000168,36.136601000180235,36.13969399999917
2019q1__trip_miles,24,1024,21484,0.00031999999999998696,36.274648000016896,36.04815200000111
2019q1__trip_miles,25,64,1708,0.006859999999999977,33.469946999957756,33.109737000000194
2019q1__trip_miles,25,128,3064,0.008020000000000027,31.678988999829016,31.574842999999575
2019q1__trip_miles,25,256,5772,0.0018599999999999728,37.18995100007305,36.43706399999935
2019q1__trip_miles,25,512,11376,0.00017999999999995797,40.11664199970255,36.11995700000037
2019q1__trip_miles,25,1024,21484,4.0000000000040004e-05,52.37685900010547,43.273848000000115
2019q1__trip_miles,26,64,1708,0.007480000000000042,36.776554999960354,35.89002100000016
2019q1__trip_miles,26,128,3064,0.008419999999999983,33.832889000223076,33.835392999998604
2019q1__trip_miles,26,256,5772,0.0013600000000000279,38.861906999954954,38.83713299999947
2019q1__trip_miles,26,512,11376,0.0014399999999999968,32.40660999972533,32.39474699999967
2019q1__trip_miles,26,1024,21484,0.0,34.72571800011792,34.65999199999992
2019q1__trip_miles,27,64,1708,0.013359999999999927,33.29755400000067,33.29401100000062
2019q1__trip_miles,27,128,3064,0.0047800000000000065,38.784241000030306,38.42053800000045
2019q1__trip_miles,27,256,5772,0.0013999999999999568,34.910770999886154,34.85864800000016
2019q1__trip_miles,27,512,11376,0.0013999999999999568,31.895307000013418,31.879663999999863
2019q1__trip_miles,27,1024,21484,8.000000000008001e-05,30.54091600006359,30.54282299999933
2019q1__trip_miles,28,64,1708,0.005759999999999987,32.658617999913986,32.568731999999656
2019q1__trip_miles,28,128,3064,0.005860000000000087,32.10308400002759,32.088982999999516
2019q1__trip_miles,28,256,5772,0.0005199999999999649,32.991541999763285,32.995073000000374
2019q1__trip_miles,28,512,11376,0.0006800000000000139,47.34102900010839,47.17394499999905
2019q1__trip_miles,28,1024,21484,0.00034000000000000696,32.659064999734255,32.66115499999955
2019q1__trip_miles,29,64,1708,0.019499999999999962,32.471459999669605,32.46979799999927
2019q1__trip_miles,29,128,3064,0.003960000000000075,33.72943900012615,33.706621000000325
2019q1__trip_miles,29,256,5772,0.0010000000000000009,36.965371999940544,36.96759699999852
2019q1__trip_miles,29,512,11376,0.00019999999999997797,32.59411099998033,32.584207000001086
2019q1__trip_miles,29,1024,21484,0.00047999999999992493,38.280013000075996,38.28267799999985
2019q1__trip_miles,30,64,1708,0.0010999999999999899,32.949220999853424,32.94719199999996
2019q1__trip_miles,30,128,3064,0.0037599999999999856,37.218524999843794,37.222079000001074
2019q1__trip_miles,30,256,5772,0.0023999999999999577,33.60014700001557,33.602507000001225
2019q1__trip_miles,30,512,11376,0.0007800000000000029,51.350854999782314,47.7687600000003
2019q1__trip_miles,30,1024,21484,0.000140000000000029,37.25656400001753,37.24803500000107
2019q1__trip_miles,31,64,1708,0.010480000000000045,34.018581999589514,34.01625899999949
2019q1__trip_miles,31,128,3064,0.006639999999999979,33.143959999961226,33.14683500000015
2019q1__trip_miles,31,256,5772,0.0023199999999999887,32.65419299987116,32.657134999999116
2019q1__trip_miles,31,512,11376,0.0006800000000000139,31.980449999991833,31.98265200000172
2019q1__trip_miles,31,1024,21484,0.0006800000000000139,32.60326700001315,32.592171000001
2019q1__trip_miles,32,64,1708,0.0036000000000000476,35.55216900031155,35.530740000002226
2019q1__trip_miles,32,128,3064,0.007699999999999929,39.42798700018102,39.3458200000012
2019q1__trip_miles,32,256,5772,0.0017800000000000038,34.15969200023028,34.14858900000084
2019q1__trip_miles,32,512,11376,0.0014800000000000368,33.16197899994222,33.148778000001045
2019q1__trip_miles,32,1024,21484,0.00017999999999995797,33.33120999968742,33.33472999999998
2019q1__trip_miles,33,64,1708,0.0041600000000000525,35.08471700024529,35.05431700000017
2019q1__trip_miles,33,128,3064,0.010020000000000029,32.2224839997034,32.225643000000304
2019q1__trip_miles,33,256,5772,0.0023400000000000087,32.05788600007509,32.06076999999752
2019q1__trip_miles,33,512,11376,0.0014999999999999458,34.52581200008353,34.421789999999675
2019q1__trip_miles,33,1024,21484,0.000280000000000058,33.084605999647465,33.08702500000038
2019q1__trip_miles,34,64,1708,0.009959999999999969,36.872283999855426,36.870449000002026
2019q1__trip_miles,34,128,3064,0.0010200000000000209,47.67866600013804,47.62995499999789
2019q1__trip_miles,34,256,5772,0.0013799999999999368,49.20028000015009,49.14997499999885
2019q1__trip_miles,34,512,11376,0.0009200000000000319,54.319227000178216,53.551885000000965
2019q1__trip_miles,34,1024,21484,0.0007000000000000339,36.740064000241546,36.73099000000235
2019q1__trip_miles,35,64,1708,0.009680000000000022,37.73229900025399,37.424238999999915
2019q1__trip_miles,35,128,3064,0.005839999999999956,42.82628600003591,42.409669000001315
2019q1__trip_miles,35,256,5772,0.0011999999999999789,42.49924200030364,42.50070200000167
2019q1__trip_miles,35,512,11376,0.0008199999999999319,31.218435999562644,31.20421299999876
2019q1__trip_miles,35,1024,21484,0.00046000000000001595,34.16163100018821,34.163558999999566
2019q1__trip_miles,36,64,1708,0.009480000000000044,35.52360099956786,35.52164999999974
2019q1__trip_miles,36,128,3064,0.006199999999999983,31.60796600013782,31.610431000000716
2019q1__trip_miles,36,256,5772,0.0017600000000000948,31.996019999951386,31.998377000000744
2019q1__trip_miles,36,512,11376,0.0012800000000000589,34.27553800020178,34.26785299999935
2019q1__trip_miles,36,1024,21484,0.0,33.484778000001825,33.48703200000003
2019q1__trip_miles,37,64,1708,0.006360000000000032,32.83168600000863,32.813868000001634
2019q1__trip_miles,37,128,3064,0.0028599999999999737,31.173146000128327,31.175823999998187
2019q1__trip_miles,37,256,5772,0.0025799999999999157,31.229218000135006,31.23176800000138
2019q1__trip_miles,37,512,11376,0.00041999999999997595,38.32912000007127,38.31481199999942
2019q1__trip_miles,37,1024,21484,0.00034000000000000696,35.17825599965363,35.12857999999852
2019q1__trip_miles,38,64,1708,0.009759999999999991,31.407301999934134,31.393735999998285
2019q1__trip_miles,38,128,3064,0.006299999999999972,32.35776200017426,32.360270999998164
2019q1__trip_miles,38,256,5772,0.0011599999999999389,29.948489999696903,29.95102700000274
2019q1__trip_miles,38,512,11376,0.0008399999999999519,34.175206999861985,34.1776739999986
2019q1__trip_miles,38,1024,21484,0.0005199999999999649,32.142371000190906,32.121914000001084
2019q1__trip_miles,39,64,1708,0.012340000000000018,36.73014200012403,36.71740900000131
2019q1__trip_miles,39,128,3064,0.0044399999999999995,31.704843000170513,31.707141000001826
2019q1__trip_miles,39,256,5772,0.0013999999999999568,32.78028400018229,32.77191599999796
2019q1__trip_miles,39,512,11376,0.0006799999999999029,33.44704699975409,33.450545000000886
2019q1__trip_miles,39,1024,21484,0.000260000000000038,31.370562000120117,31.375156999999376
2019q1__trip_seconds,0,64,1708,0.00992000000000004,35.1815619997069,35.17836100000338
2019q1__trip_seconds,0,128,3064,0.005940000000000001,42.28901499982385,42.293080000000316
2019q1__trip_seconds,0,256,5772,0.0019400000000000528,45.75902600026893,45.019894999999366
2019q1__trip_seconds,0,512,11376,0.0007800000000000029,33.58810000008816,33.59209100000271
2019q1__trip_seconds,0,1024,21484,0.0,34.7345850000238,34.73791400000081
2019q1__trip_seconds,1,64,1708,0.007000000000000006,35.2258550001352,35.22383900000037
2019q1__trip_seconds,1,128,3064,0.0028399999999999537,33.661633000065194,33.653452999999445
2019q1__trip_seconds,1,256,5772,0.0018000000000000238,33.35618600021917,33.35944300000193
2019q1__trip_seconds,1,512,11376,0.001060000000000061,32.448158000079275,32.43095899999915
2019q1__trip_seconds,1,1024,21484,0.0,33.4536760001356,33.456236000002804
2019q1__trip_seconds,2,64,1708,0.008180000000000007,36.491598000338854,36.49107600000079
2019q1__trip_seconds,2,128,3064,0.0016599999999999948,33.83414600011747,33.81275299999942
2019q1__trip_seconds,2,256,5772,0.0007199999999999429,34.479062000173144,34.48144499999728
2019q1__trip_seconds,2,512,11376,0.0012800000000000589,34.274502000243956,34.25224799999782
2019q1__trip_seconds,2,1024,21484,0.00021999999999999797,35.308090000398806,35.315845999999596
2019q1__trip_seconds,3,64,1708,0.008159999999999945,36.92673100022148,36.872010999999816
2019q1__trip_seconds,3,128,3064,0.00653999999999999,32.54513499996392,32.548091999998974
2019q1__trip_seconds,3,256,5772,0.0018000000000000238,35.45271499979208,35.44121000000189
2019q1__trip_seconds,3,512,11376,0.00019999999999997797,45.45612899983098,45.43762800000195
2019q1__trip_seconds,3,1024,21484,0.0,41.105876000074204,41.10845499999982
2019q1__trip_seconds,4,64,1708,0.0006800000000000139,36.81681399984882,36.81395399999943
2019q1__trip_seconds,4,128,3064,0.0025999999999999357,41.88117100011368,41.88304000000187
2019q1__trip_seconds,4,256,5772,0.0011600000000000499,34.064355000282376,34.06838600000128
2019q1__trip_seconds,4,512,11376,0.00017999999999995797,35.66205400011313,35.65210500000049
2019q1__trip_seconds,4,1024,21484,0.0,39.22210400014592,39.20978100000028
2019q1__trip_seconds,5,64,1708,0.007739999999999969,45.602636999774404,45.58734100000095
2019q1__trip_seconds,5,128,3064,0.0027799999999999978,37.1471210000891,37.13522299999994
2019q1__trip_seconds,5,256,5772,0.0005799999999999139,32.62682100012171,32.63012000000032
2019q1__trip_seconds,5,512,11376,0.00038000000000004697,33.24471399992035,33.2327879999994
2019q1__trip_seconds,5,1024,21484,0.00036000000000002697,37.27754900000946,37.26481599999687
2019q1__trip_seconds,6,64,1708,0.006839999999999957,36.78124599991861,36.77926599999992
2019q1__trip_seconds,6,128,3064,0.0012400000000000189,34.4372409999778,34.419691000000086
2019q1__trip_seconds,6,256,5772,0.00324,37.865024999973684,37.79427599999963
2019q1__trip_seconds,6,512,11376,0.00036000000000002697,36.564620999797626,36.547452000000646
2019q1__trip_seconds,6,1024,21484,0.00046000000000001595,33.598150000216265,33.60093200000236
2019q1__trip_seconds,7,64,1708,0.008700000000000041,33.63402800005133,33.633812000001484
2019q1__trip_seconds,7,128,3064,0.0017399999999999638,37.10501200021099,37.09428599999853
2019q1__trip_seconds,7,256,5772,0.0,34.60344899986012,34.60713300000151
2019q1__trip_seconds,7,512,11376,0.00041999999999997595,33.53026900003897,33.531581000001864
2019q1__trip_seconds,7,1024,21484,0.00041999999999997595,30.978065999988758,30.962441999999868
2019q1__trip_seconds,8,64,1708,0.005340000000000011,34.67596200016487,34.6503310000017
2019q1__trip_seconds,8,128,3064,0.0012199999999999989,31.357097000181966,31.361278000002102
2019q1__trip_seconds,8,256,5772,0.0032399999999999096,38.835221999761416,38.813851000000454
2019q1__trip_seconds,8,512,11376,0.0020400000000000418,34.532960999968054,34.53492299999894
2019q1__trip_seconds,8,1024,21484,0.00029999999999996696,33.07246399981523,33.06218099999825
2019q1__trip_seconds,9,64,1708,0.009279999999999955,34.207427999717765,34.20598499999983
2019q1__trip_seconds,9,128,3064,0.006659999999999999,31.677354000294144,31.679567999997715
2019q1__trip_seconds,9,256,5772,0.002339999999999995,33.606498000153806,33.608685000000804
2019q1__trip_seconds,9,512,11376,0.0,40.97038800000519,40.973941000000735
2019q1__trip_seconds,9,1024,21484,0.0,52.586690000225644,51.125977000001654
2019q1__trip_seconds,10,64,1708,0.011299999999999977,35.76932400028454,35.76947500000216
2019q1__trip_seconds,10,128,3064,0.0005999999999999964,33.82886600002166,33.81543800000131
2019q1__trip_seconds,10,256,5772,0.0013600000000000279,32.719295999868336,32.72155399999832
2019q1__trip_seconds,10,512,11376,0.0005999999999999964,31.94436500007214,31.947181999999685
2019q1__trip_seconds,10,1024,21484,0.000140000000000029,33.57773400011865,33.58080399999963
2019q1__trip_seconds,11,64,1708,0.01006,32.42895599987605,32.42837800000231
2019q1__trip_seconds,11,128,3064,0.0021400000000000308,40.80249900016497,39.96426200000158
2019q1__trip_seconds,11,256,5772,0.0018600000000000838,32.28825999985929,32.28049000000155
2019q1__trip_seconds,11,512,11376,0.0018600000000000838,32.26096400021561,32.26293000000169
2019q1__trip_seconds,11,1024,21484,0.00021999999999999797,30.550015000244457,30.530694999999497
2019q1__trip_seconds,12,64,1708,0.00836,33.02733700002136,32.96970799999954
2019q1__trip_seconds,12,128,3064,0.0036000000000000476,32.60989899990818,32.61257900000203
2019q1__trip_seconds,12,256,5772,0.00028000000000000247,32.99239599982684,32.978549999999274
2019q1__trip_seconds,12,512,11376,0.0017000000000000348,32.64303500009191,32.630903000001155
2019q1__trip_seconds,12,1024,21484,0.00021999999999999797,31.105238000236568,31.089267999998782
2019q1__trip_seconds,13,64,1708,0.008319999999999994,31.795684000371693,31.76428200000103
2019q1__trip_seconds,13,128,3064,0.0030999999999999917,35.58169600000838,35.584845999999004
2019q1__trip_seconds,13,256,5772,0.0012800000000000589,39.2918020002071,38.887358000000205
2019q1__trip_seconds,13,512,11376,0.0013600000000000279,32.29854200026239,32.30093100000175
2019q1__trip_seconds,13,1024,21484,0.000140000000000029,34.918770999865956,34.90857799999958
2019q1__trip_seconds,14,64,1708,0.008099999999999996,32.05483900001127,32.03825499999979
2019q1__trip_seconds,14,128,3064,0.0040999999999999925,97.23599600010857,97.21011399999924
2019q1__trip_seconds,14,256,5772,0.0,50.15680699989389,50.13827399999826
2019q1__trip_seconds,14,512,11376,0.00048000000000003595,177.49853399982385,176.44505199999827
2019q1__trip_seconds,14,1024,21484,0.0,39.28544900009001,39.28818600000028
2019q1__trip_seconds,15,64,1708,0.014660000000000006,39.31011199983914,39.23995499999933
2019q1__trip_seconds,15,128,3064,0.006739999999999968,162.87548699983745,162.80538299999847
2019q1__trip_seconds,15,256,5772,0.0,32.25618400028907,32.24432500000063
2019q1__trip_seconds,15,512,11376,0.0005600000000000049,31.90002800010916,31.903587000002176
2019q1__trip_seconds,15,1024,21484,0.0005399999999999849,158.0703539998467,158.03637600000187
2019q1__trip_seconds,16,64,1708,0.014759999999999995,38.197835000119085,38.23164099999943
2019q1__trip_seconds,16,128,3064,0.0032600000000000406,37.98453800027346,37.98669099999685
2019q1__trip_seconds,16,256,5772,0.0027199999999999447,169.52619599987884,169.47346000000252
2019q1__trip_seconds,16,512,11376,0.0,49.323245999858045,49.32628400000283
2019q1__trip_seconds,16,1024,21484,0.000140000000000029,172.68940600024507,172.65014200000195
2019q1__trip_seconds,17,64,1708,0.0037000000000000366,34.266249000211246,34.263716999998195
2019q1__trip_seconds,17,128,3064,0.0,35.80035700042572,35.790884999997274
2019q1__trip_seconds,17,256,5772,0.004580000000000001,162.95825099996364,162.70846500000147
2019q1__trip_seconds,17,512,11376,0.0,32.606970999950136,32.610367000000196
2019q1__trip_seconds,17,1024,21484,0.0,38.744863999909285,38.73036100000249
2019q1__trip_seconds,18,64,1708,0.0053399999999999975,165.29907900030594,165.17813600000153
2019q1__trip_seconds,18,128,3064,0.00664000000000009,32.128225000178645,32.129571000002244
2019q1__trip_seconds,18,256,5772,0.00029999999999996696,33.02299799997854,32.99288400000222
2019q1__trip_seconds,18,512,11376,0.00029999999999996696,175.33340799991493,175.10487800000263
2019q1__trip_seconds,18,1024,21484,0.0,53.29454299953795,51.60108600000157
2019q1__trip_seconds,19,64,1708,0.006760000000000099,172.78937900027813,171.88110400000056
2019q1__trip_seconds,19,128,3064,0.0011600000000000499,34.08127100010461,34.052741
2019q1__trip_seconds,19,256,5772,0.0038200000000000456,40.72059800000716,40.62187699999953
2019q1__trip_seconds,19,512,11376,0.00021999999999999797,166.59916899970995,166.18088600000291
2019q1__trip_seconds,19,1024,21484,0.00021999999999999797,41.297116999885475,40.1698279999998
2019q1__trip_seconds,20,64,1708,0.006800000000000028,164.72013499969762,164.6691940000018
2019q1__trip_seconds,20,128,3064,0.0017400000000000054,34.12517100059631,34.1160099999982
2019q1__trip_seconds,20,256,5772,0.00024000000000001798,44.43609099962487,44.4382559999994
2019q1__trip_seconds,20,512,11376,0.0005799999999999139,165.8911159993295,165.88424600000096
2019q1__trip_seconds,20,1024,21484,0.0,50.30024700045033,48.91012699999919
2019q1__trip_seconds,21,64,1708,0.0065800000000000025,176.41813000045659,176.3747560000013
2019q1__trip_seconds,21,128,3064,0.007959999999999967,52.35514699961641,51.34671200000085
2019q1__trip_seconds,21,256,5772,0.0012199999999999989,182.4964870002077,176.85170000000028
2019q1__trip_seconds,21,512,11376,0.00012000000000000899,61.98908099941036,53.67043899999757
2019q1__trip_seconds,21,1024,21484,2.0000000000020002e-05,190.7108019995576,182.55754700000182
2019q1__trip_seconds,22,64,1708,0.005780000000000007,186.37780500012013,183.55501799999985
2019q1__trip_seconds,22,128,3064,0.0024999999999999467,55.26187699979346,54.212530000000925
2019q1__trip_seconds,22,256,5772,0.0024999999999999467,55.29210199983936,52.46280400000103
2019q1__trip_seconds,22,512,11376,0.0005800000000000249,173.1601960000262,172.80888499999847
2019q1__trip_seconds,22,1024,21484,0.0,58.61881999953766,51.21055000000041
2019q1__trip_seconds,23,64,1708,0.0046200000000000685,36.756487999809906,36.611784000001535
2019q1__trip_seconds,23,128,3064,0.0049599999999999644,37.0036539998182,37.00686699999878
2019q1__trip_seconds,23,256,5772,0.0011799999999999589,165.55995700036874,165.51442500000135
2019q1__trip_seconds,23,512,11376,0.0,36.64299200045207,36.64523800000197
2019q1__trip_seconds,23,1024,21484,0.0,37.155536999307515,37.15727200000174
2019q1__trip_seconds,24,64,1708,0.00550000000000006,169.97006699966732,169.778835999999
2019q1__trip_seconds,24,128,3064,0.00043999999999999595,48.726895000072545,48.35142800000014
2019q1__trip_seconds,24,256,5772,0.0010799999999999699,34.89583099963056,34.8981110000004
2019q1__trip_seconds,24,512,11376,0.0,162.1353189993897,162.10027000000338
2019q1__trip_seconds,24,1024,21484,0.0,48.61021900069318,48.59628000000171
2019q1__trip_seconds,25,64,1708,0.009600000000000053,162.09356099989236,162.05083499999873
2019q1__trip_seconds,25,128,3064,0.0021200000000000108,30.509543999869493,30.49594399999833
2019q1__trip_seconds,25,256,5772,0.0021200000000000108,33.89213100035704,33.89599300000157
2019q1__trip_seconds,25,512,11376,0.0011600000000000499,161.12912199969287,161.07039999999984
2019q1__trip_seconds,25,1024,21484,5.999999999994898e-05,42.38675200031139,42.38914100000102
2019q1__trip_seconds,26,64,1708,0.005619999999999958,33.640121000644285,33.6394800000015
2019q1__trip_seconds,26,128,3064,0.0018000000000000238,165.78974899948662,165.30668000000048
2019q1__trip_seconds,26,256,5772,0.0009599999999999609,50.229354000293824,50.21913099999864
2019q1__trip_seconds,26,512,11376,0.0005800000000000249,176.6936350004471,175.83202699999845
2019q1__trip_seconds,26,1024,21484,0.00012000000000000899,47.63610699956189,47.63729700000141
2019q1__trip_seconds,27,64,1708,0.007020000000000026,175.61048599964124,50.35636999999937
2019q1__trip_seconds,27,128,3064,0.0012799999999999478,38.87398999995639,38.876541000000486
2019q1__trip_seconds,27,256,5772,0.0022199999999999998,33.45759999956499,33.46142000000185
2019q1__trip_seconds,27,512,11376,0.0008599999999999719,159.32995100047265,159.3240999999992
2019q1__trip_seconds,27,1024,21484,0.00034000000000000696,42.44250500050839,42.41511600000081
2019q1__trip_seconds,28,64,1708,0.00552000000000008,39.37436499927571,39.349666999999755
2019q1__trip_seconds,28,128,3064,0.00039999999999995595,178.86934899979678,175.75420600000058
2019q1__trip_seconds,28,256,5772,0.00021999999999999797,37.17674699964846,37.17828399999945
2019q1__trip_seconds,28,512,11376,0.00021999999999999797,38.451864999842655,38.410387999999074
2019q1__trip_seconds,28,1024,21484,0.0,167.87318200022128,167.82752199999962
2019q1__trip_seconds,29,64,1708,0.007099999999999995,35.30708699963725,35.287024999998806
2019q1__trip_seconds,29,128,3064,0.0015199999999999658,170.39073499927326,170.2875370000001
2019q1__trip_seconds,29,256,5772,0.0008400000000000629,51.98523200033378,51.92799800000003
2019q1__trip_seconds,29,512,11376,0.0006399999999999739,34.19063500041375,34.19217000000074
2019q1__trip_seconds,29,1024,21484,0.0,166.14948000005825,166.10455400000035
2019q1__trip_seconds,30,64,1708,0.013940000000000008,34.10391800025536,34.10137100000199
2019q1__trip_seconds,30,128,3064,0.0017200000000000548,163.96226399956504,163.91747199999784
2019q1__trip_seconds,30,256,5772,0.0012199999999999989,51.3915490000727,50.87395199999989
2019q1__trip_seconds,30,512,11376,0.0,41.29856000054133,41.301114999999555
2019q1__trip_seconds,30,1024,21484,0.00046000000000001595,162.11603100055072,162.08026400000008
2019q1__trip_seconds,31,64,1708,2.0000000000020002e-05,38.20510700006707,36.54342300000124
2019q1__trip_seconds,31,128,3064,0.0032800000000000606,168.65898900050524,167.92707799999818
2019q1__trip_seconds,31,256,5772,0.0021200000000000108,35.770034000051965,35.772779999998505
2019q1__trip_seconds,31,512,11376,0.0,39.4425879994742,39.43387700000045
2019q1__trip_seconds,31,1024,21484,2.0000000000020002e-05,34.5225989995015,34.526411000001644
2019q1__trip_seconds,32,64,1708,0.0033199999999999896,32.75197199945978,32.750963999998106
2019q1__trip_seconds,32,128,3064,0.0026599999999999957,32.879656999284634,32.86782200000005
2019q1__trip_seconds,32,256,5772,0.0,163.04633899926557,163.03937400000024
2019q1__trip_seconds,32,512,11376,0.0,50.57200400005968,50.53819199999765
2019q1__trip_seconds,32,1024,21484,0.0,40.49454500000138,40.49743200000222
2019q1__trip_seconds,33,64,1708,0.013639999999999985,49.12399200020445,49.12481800000279
2019q1__trip_seconds,33,128,3064,0.0008000000000000229,36.02852699987125,36.00637999999989
2019q1__trip_seconds,33,256,5772,0.0005199999999999649,36.990493000303104,36.92173700000012
2019q1__trip_seconds,33,512,11376,0.0005199999999999649,159.87773400047445,159.8157449999995
2019q1__trip_seconds,33,1024,21484,0.0,34.80209000008472,34.8055770000002
2019q1__trip_seconds,34,64,1708,0.0029000000000000137,157.87174300021434,157.82566200000048
2019q1__trip_seconds,34,128,3064,0.0032799999999999496,38.53356099989469,38.52251200000012
2019q1__trip_seconds,34,256,5772,0.0029000000000000137,32.68828799991752,32.69667300000023
2019q1__trip_seconds,34,512,11376,0.0025600000000000067,37.076008999974874,37.078478000001525
2019q1__trip_seconds,34,1024,21484,0.0,168.97003800022503,168.83626099999915
2019q1__trip_seconds,35,64,1708,0.0006599999999999939,37.92424899984326,37.90781400000043
2019q1__trip_seconds,35,128,3064,0.002600000000000005,160.3665849997924,160.31123800000202
2019q1__trip_seconds,35,256,5772,0.000999999999999994,37.34588699990127,37.33495199999837
2019q1__trip_seconds,35,512,11376,0.000999999999999994,37.55254700081423,37.55469899999753
2019q1__trip_seconds,35,1024,21484,0.0005199999999999649,169.52651500014326,169.39863099999997
2019q1__trip_seconds,36,64,1708,0.019320000000000004,38.60676099975535,38.59139300000081
2019q1__trip_seconds,36,128,3064,0.0019599999999999618,39.203964000080305,39.19128900000146
2019q1__trip_seconds,36,256,5772,0.0025600000000000067,163.97345199948177,163.93816400000105
2019q1__trip_seconds,36,512,11376,0.0,31.577996999658353,31.580435999998713
2019q1__trip_seconds,36,1024,21484,0.0,38.48910600027011,38.09822700000254
2019q1__trip_seconds,37,64,1708,0.012319999999999998,50.59295400042174,50.515856000000525
2019q1__trip_seconds,37,128,3064,0.0035600000000000076,41.01952199926018,41.02077499999979
2019q1__trip_seconds,37,256,5772,0.0012199999999999989,160.95279799992568,160.92237000000154
2019q1__trip_seconds,37,512,11376,0.0,32.8370030001679,32.840345000000326
2019q1__trip_seconds,37,1024,21484,0.0,30.858973000249534,30.845746000000673
2019q1__trip_seconds,38,64,1708,0.0040999999999999925,159.29380699981266,159.22825600000223
2019q1__trip_seconds,38,128,3064,0.0020999999999999908,33.09059999992314,33.09340400000593
2019q1__trip_seconds,38,256,5772,0.0032999999999999696,39.525936000245565,39.51204900000249
2019q1__trip_seconds,38,512,11376,0.000500000000000056,161.5759429996615,161.44896400000164
2019q1__trip_seconds,38,1024,21484,0.0,40.22146799979964,40.22237600000267
2019q1__trip_seconds,39,64,1708,0.009480000000000044,35.74119499990047,35.73909600000036
2019q1__trip_seconds,39,128,3064,0.0028599999999999737,169.74036499959766,168.8426229999962
2019q1__trip_seconds,39,256,5772,0.0012799999999999478,52.057044000321184,52.03436099999692
2019q1__trip_seconds,39,512,11376,0.00035999999999991594,176.57919599969318,176.5164940000048
2019q1__trip_seconds,39,1024,21484,0.00015999999999993797,40.903787999923225,40.906807999995465
2019q2__trip_total,0,64,1708,0.00656000000000001,166.66173100020387,166.44939100000045
2019q2__trip_total,0,128,3064,0.005560000000000009,36.26086399981432,36.24896000000177
2019q2__trip_total,0,256,5772,0.0022000000000000908,35.907992000829836,35.91063100000014
2019q2__trip_total,0,512,11376,0.00232,41.20441699978983,41.20686600000312
2019q2__trip_total,0,1024,21484,0.00012000000000000899,165.14480200021353,165.096118000001
2019q2__trip_total,1,64,1708,0.009739999999999971,40.207852000094135,40.1929129999985
2019q2__trip_total,1,128,3064,0.006659999999999999,166.2204809999821,166.1166680000008
2019q2__trip_total,1,256,5772,0.003140000000000004,51.70209500010969,51.434112000002585
2019q2__trip_total,1,512,11376,0.0011999999999999789,52.222235999579425,52.224084000002335
2019q2__trip_total,1,1024,21484,0.00029999999999996696,163.17507499934436,163.1420040000009
2019q2__trip_total,2,64,1708,0.005900000000000016,34.14985099971091,34.14776700000033
2019q2__trip_total,2,128,3064,0.008079999999999976,166.00218399980804,165.86919399999545
2019q2__trip_total,2,256,5772,0.0010999999999999899,33.96278499985783,33.96513899999576
2019q2__trip_total,2,512,11376,0.0015000000000000568,36.30905299996812,36.29337299999946
2019q2__trip_total,2,1024,21484,0.0008000000000000229,39.722724999592174,39.727277000004335
2019q2__trip_total,3,64,1708,0.01312000000000002,34.55805999965378,34.55531300000558
2019q2__trip_total,3,128,3064,0.0036999999999999256,31.44603799955803,31.44975200000033
2019q2__trip_total,3,256,5772,0.0020000000000000018,162.96126100041874,162.92428100000222
2019q2__trip_total,3,512,11376,0.0009200000000000319,53.2724140002756,52.03117800000001
2019q2__trip_total,3,1024,21484,0.0010199999999999099,39.060379000147805,39.06221999999815
2019q2__trip_total,4,64,1708,0.011699999999999988,41.778885999519844,41.777199000001985
2019q2__trip_total,4,128,3064,0.006260000000000043,39.47526100000687,39.46235000000087
2019q2__trip_total,4,256,5772,0.0010200000000000209,169.42683900015254,169.30144100000177
2019q2__trip_total,4,512,11376,0.0020999999999999908,34.5073959997535,34.509868000000665
2019q2__trip_total,4,1024,21484,0.0004999999999999449,36.69949300001463,36.701020999998946
2019q2__trip_total,5,64,1708,0.011299999999999977,168.69020099966292,168.64127000000195
2019q2__trip_total,5,128,3064,0.0010799999999999699,31.786402999387064,31.78843899999606
2019q2__trip_total,5,256,5772,0.0020000000000000018,34.159683999860135,34.16469999999805
2019q2__trip_total,5,512,11376,0.001040000000000041,169.35310999997455,169.34513999999723
2019q2__trip_total,5,1024,21484,0.0007199999999999429,50.240343999576,50.11961099999951
2019q2__trip_total,6,64,1708,0.02426000000000006,162.32282900000428,162.23669800000096
2019q2__trip_total,6,128,3064,0.0050000000000000044,36.093966999942495,36.01431100000241
2019q2__trip_total,6,256,5772,0.0012800000000000589,36.34353300003568,36.345312000001684
2019q2__trip_total,6,512,11376,0.0018000000000000238,169.70647499965708,169.58225199999788
2019q2__trip_total,6,1024,21484,0.00048000000000000126,47.7204389999315,47.532136000000946
2019q2__trip_total,7,64,1708,0.0049000000000000155,35.60617600032856,35.58785899999606
2019q2__trip_total,7,128,3064,0.0050000000000000044,171.92637899916008,171.8822710000012
2019q2__trip_total,7,256,5772,0.0031199999999999978,31.55476699976134,31.556027999997127
2019q2__trip_total,7,512,11376,0.0007399999999999629,34.72231300020212,34.72546499999396
2019q2__trip_total,7,1024,21484,0.00048000000000003595,170.19782900024438,170.02643600000056
2019q2__trip_total,8,64,1708,0.0035999999999999366,37.78059599972039,37.77743599999894
2019q2__trip_total,8,128,3064,0.00761999999999996,160.14376699968125,160.1267280000016
2019q2__trip_total,8,256,5772,0.0030000000000000027,36.85129200039228,36.84185500000581
2019q2__trip_total,8,512,11376,0.0017800000000000038,41.86345000016445,41.8656160000026
2019q2__trip_total,8,1024,21484,0.00041999999999997595,176.8521919993873,176.34672900000226
2019q2__trip_total,9,64,1708,0.00759999999999994,51.518940000278235,51.32588000000027
2019q2__trip_total,9,128,3064,0.0010000000000000009,179.87309299951448,177.4881329999971
2019q2__trip_total,9,256,5772,0.0019799999999999818,35.0066010005321,34.991140999999004
2019q2__trip_total,9,512,11376,0.0014800000000000368,37.674014999538485,37.67717400000237
2019q2__trip_total,9,1024,21484,9.999999999998899e-05,171.08243700022285,171.0507949999993
2019q2__trip_total,10,64,1708,0.010780000000000012,39.31357700002991,39.31317499999665
2019q2__trip_total,10,128,3064,0.0023400000000000087,162.32033100004628,162.2653090000057
2019q2__trip_total,10,256,5772,0.0019799999999999957,34.418918000483245,34.42171600000421
2019q2__trip_total,10,512,11376,0.0006399999999999739,32.71425900038594,32.69751899999562
2019q2__trip_total,10,1024,21484,0.00031999999999998696,169.92441399997915,169.82803399999824
2019q2__trip_total,11,64,1708,0.01424000000000003,40.52621800019551,40.49682600000182
2019q2__trip_total,11,128,3064,0.0030199999999999116,33.55330300018977,33.55538800000346
2019q2__trip_total,11,256,5772,0.0030600000000000627,163.74308400008886,163.68713500000354
2019q2__trip_total,11,512,11376,0.0010200000000000209,41.50025800026924,41.502719999996884
2019q2__trip_total,11,1024,21484,0.0007200000000000539,36.355565000121715,36.35873300000014
2019q2__trip_total,12,64,1708,0.008620000000000072,56.17498399988108,54.0145500000051
2019q2__trip_total,12,128,3064,0.0025600000000000067,172.7031469999929,172.12845400000276
2019q2__trip_total,12,256,5772,0.0010200000000000209,37.51674900013313,37.45839700000175
2019q2__trip_total,12,512,11376,0.0020200000000000218,32.28144799959409,32.283604999996385
2019q2__trip_total,12,1024,21484,0.000160000000000049,41.84831000020495,41.62134399999928
2019q2__trip_total,13,64,1708,0.012860000000000094,36.6890040004364,36.671746000003225
2019q2__trip_total,13,128,3064,0.00653999999999999,34.77104100056749,34.74015300000133
2019q2__trip_total,13,256,5772,0.0018599999999999728,168.4313879995898,167.97447100000085
2019q2__trip_total,13,512,11376,0.0007000000000000339,38.55939400000352,38.563031999999
2019q2__trip_total,13,1024,21484,0.0005199999999999996,35.260202000245044,35.262773999996
2019q2__trip_total,14,64,1708,0.007920000000000003,52.2904909994395,51.597841000003086
2019q2__trip_total,14,128,3064,0.0048000000000000265,37.985158000083175,37.98699300000408
2019q2__trip_total,14,256,5772,0.0022600000000000398,160.97764099959022,160.88621700000516
2019q2__trip_total,14,512,11376,0.0005600000000000049,37.986148000527464,37.98961700000092
2019q2__trip_total,14,1024,21484,0.0006999999999999784,44.09461000068404,44.074299999998345
2019q2__trip_total,15,64,1708,0.008640000000000092,163.01399899930402,162.87618100000145
2019q2__trip_total,15,128,3064,0.0044199999999999795,34.8275480000666,34.81512599999803
2019q2__trip_total,15,256,5772,0.0019599999999999618,35.51337400040211,35.51652200000177
2019q2__trip_total,15,512,11376,0.0015800000000000258,166.64191499967274,166.4196589999989
2019q2__trip_total,15,1024,21484,0.0005600000000000049,44.91316999974515,44.914970999997195
2019q2__trip_total,16,64,1708,0.0044399999999999995,166.45041999981913,166.40711700000566
2019q2__trip_total,16,128,3064,0.0037599999999999856,54.67621899970254,53.47765699999485
2019q2__trip_total,16,256,5772,0.0047800000000000065,44.693584999549785,44.657381000000385
2019q2__trip_total,16,512,11376,0.0021200000000000108,173.3651929998814,173.2262579999997
2019q2__trip_total,16,1024,21484,0.0013199999999999878,36.10897199996543,36.112201999998206
2019q2__trip_total,17,64,1708,0.01968000000000003,173.25618399991072,173.0535109999991
2019q2__trip_total,17,128,3064,0.0014199999999999768,36.014093000630965,36.002551000002825
2019q2__trip_total,17,256,5772,0.0025000000000000577,33.98349100007181,33.98519799999633
2019q2__trip_total,17,512,11376,0.00036000000000002697,160.0850860004357,160.05006500000007
2019q2__trip_total,17,1024,21484,0.0006399999999999739,50.53723999935755,50.53806099999747
2019q2__trip_total,18,64,1708,0.01322000000000001,166.60438100007013,166.56284100000107
2019q2__trip_total,18,128,3064,0.009079999999999977,50.61666100027651,50.618189999994456
2019q2__trip_total,18,256,5772,0.0015800000000000258,50.25958199985325,50.26152199999956
2019q2__trip_total,18,512,11376,0.0010999999999999899,172.96046400042542,172.90790399999878
2019q2__trip_total,18,1024,21484,5.999999999994898e-05,32.99838800012367,32.983424999997624
2019q2__trip_total,19,64,1708,0.011840000000000073,167.13688299932983,167.0007560000002
2019q2__trip_total,19,128,3064,0.0044600000000000195,39.070519999768294,39.07262100000253
2019q2__trip_total,19,256,5772,0.0039599999999999635,34.93962799984729,34.92870099999834
2019q2__trip_total,19,512,11376,0.0017000000000000348,35.448958999950264,35.45089700000403
2019q2__trip_total,19,1024,21484,0.00040000000000006697,163.96144999998796,163.93011500000654
2019q2__trip_total,20,64,1708,0.010780000000000012,35.0060669998129,35.00370199999736
2019q2__trip_total,20,128,3064,0.00658000000000003,163.61322200009454,163.50812400000336
2019q2__trip_total,20,256,5772,0.002020000000000008,49.883553999279684,49.883774000001324
2019q2__trip_total,20,512,11376,0.00039999999999995595,33.864885000184586,33.85604399999664
2019q2__trip_total,20,1024,21484,0.00041999999999997595,164.42396699949313,164.35069699999616
2019q2__trip_total,21,64,1708,0.005859999999999976,33.776762999877974,33.758212999998705
2019q2__trip_total,21,128,3064,0.00528,38.877072999639495,38.8097209999998
2019q2__trip_total,21,256,5772,0.0006399999999999739,169.37926899936429,169.34865900000062
2019q2__trip_total,21,512,11376,0.0011599999999999389,38.564305000363674,38.567057999998156
2019q2__trip_total,21,1024,21484,0.0005800000000000249,39.03967100086447,39.04245500000059
2019q2__trip_total,22,64,1708,0.0027399999999999647,37.75829700043687,37.7549449999961
2019q2__trip_total,22,128,3064,0.0028799999999999937,43.59027400005289,43.58054999999439
2019q2__trip_total,22,256,5772,0.0010999999999999899,176.3101699998515,176.2871689999983
2019q2__trip_total,22,512,11376,0.0013000000000000789,54.1359389999343,54.136663000001306
2019q2__trip_total,22,1024,21484,0.0007199999999999429,178.95140000018728,178.51037700000205
2019q2__trip_total,23,64,1708,0.016039999999999943,45.25638399991294,45.23500700000227
2019q2__trip_total,23,128,3064,0.0045600000000000085,164.49349999948026,164.3848199999951
2019q2__trip_total,23,256,5772,0.0008999999999999009,35.35438400012936,35.340028000000245
2019q2__trip_total,23,512,11376,0.0014000000000000679,33.10003099977621,33.10240300000089
2019q2__trip_total,23,1024,21484,0.00048000000000003595,35.420717999841145,35.40621900000218
2019q2__trip_total,24,64,1708,0.014040000000000052,36.351998999634816,36.34902199999601
2019q2__trip_total,24,128,3064,0.0071400000000000005,33.17410599993309,33.175869000004354
2019q2__trip_total,24,256,5772,0.00541999999999998,36.91274399989197,36.90116599999982
2019q2__trip_total,24,512,11376,0.0011799999999999589,176.03000300005078,175.9904970000008
2019q2__trip_total,24,1024,21484,0.0005399999999999849,36.99422999943636,36.99660199999499
2019q2__trip_total,25,64,1708,0.007519999999999971,163.00353400038148,162.99072799999692
2019q2__trip_total,25,128,3064,0.0022799999999999487,38.65822100033256,38.64845700000075
2019q2__trip_total,25,256,5772,0.0010200000000000209,42.320169000049646,42.32374800000116
2019q2__trip_total,25,512,11376,0.0011400000000000299,162.0826689995738,161.97600200000295
2019q2__trip_total,25,1024,21484,0.00041999999999997595,38.00882100040326,37.99743599999772
2019q2__trip_total,26,64,1708,0.013939999999999952,160.0487180003256,160.01427800000556
2019q2__trip_total,26,128,3064,0.0034199999999999786,40.28081399974326,40.28283699999946
2019q2__trip_total,26,256,5772,0.0022199999999999998,35.88341799968475,35.872306000001686
2019q2__trip_total,26,512,11376,0.00041999999999997595,39.56346399991162,39.56510599999774
2019q2__trip_total,26,1024,21484,0.0006199999999999539,171.7353979993277,171.71154999999771
2019q2__trip_total,27,64,1708,0.009700000000000042,34.67496299981576,34.67305099999862
2019q2__trip_total,27,128,3064,0.00770000000000004,162.86871500051348,162.78056699999865
2019q2__trip_total,27,256,5772,0.0018199999999999328,32.695393000722106,32.69067099999745
2019q2__trip_total,27,512,11376,0.0012999999999999678,33.371497000189265,33.36017400000202
2019q2__trip_total,27,1024,21484,0.0009599999999999609,163.80821700022352,163.70496400000434
2019q2__trip_total,28,64,1708,0.005959999999999965,34.236027000588365,34.23378999999471
2019q2__trip_total,28,128,3064,0.005700000000000038,34.53661200001079,34.590158999996845
2019q2__trip_total,28,256,5772,0.0019000000000000128,161.52444599993032,161.48606299999813
2019q2__trip_total,28,512,11376,0.0009799999999999809,35.75015299975348,35.73987400000078
2019q2__trip_total,28,1024,21484,0.00039999999999995595,33.27616300066438,33.279565000000844
2019q2__trip_total,29,64,1708,0.01992000000000005,168.2771940004386,168.23434900000223
2019q2__trip_total,29,128,3064,0.010419999999999999,49.225204000322265,49.22663699999674
2019q2__trip_total,29,256,5772,0.0014399999999999968,37.53150200009259,37.49652100000134
2019q2__trip_total,29,512,11376,0.00038000000000004697,161.4654420000079,161.4447059999975
2019q2__trip_total,29,1024,21484,0.00015999999999993797,35.74597700026061,35.74689000000575
2019q2__trip_total,30,64,1708,0.009619999999999962,167.62663700046687,167.51783799999487
2019q2__trip_total,30,128,3064,0.006180000000000074,34.06916200037813,34.05698199999563
2019q2__trip_total,30,256,5772,0.0031200000000000117,36.347143999591935,36.349156999996524
2019q2__trip_total,30,512,11376,0.0011200000000000099,37.48896100023558,37.491097000000195
2019q2__trip_total,30,1024,21484,0.0008200000000000429,177.57778899976984,168.9380050000011
2019q2__trip_total,31,64,1708,0.005839999999999956,178.35244300022168,176.37536600000203
2019q2__trip_total,31,128,3064,0.00884000000000007,54.48269599946798,53.894153999998196
2019q2__trip_total,31,256,5772,0.0021799999999999597,52.15604800014262,51.81027200000443
2019q2__trip_total,31,512,11376,0.00045999999999990493,176.8109779995939,176.34589100000397
2019q2__trip_total,31,1024,21484,0.0005800000000000249,49.836371000310464,49.74301900000455
2019q2__trip_total,32,64,1708,0.006860000000000005,56.0150249993967,55.400366999997175
2019q2__trip_total,32,128,3064,0.008480000000000043,182.60475199986104,52.53637999999938
2019q2__trip_total,32,256,5772,0.0031400000000000317,62.6652170003581,49.00254800000425
2019q2__trip_total,32,512,11376,0.000500000000000056,61.48255299922312,53.383965000001865
2019q2__trip_total,32,1024,21484,0.00013999999999991797,208.9761510005701,178.2368480000045
2019q2__trip_total,33,64,1708,0.008319999999999994,43.39907499979745,38.22829700000341
2019q2__trip_total,33,128,3064,0.0047800000000000065,33.457353999438055,33.45987500000547
2019q2__trip_total,33,256,5772,0.0006599999999999939,41.48060399984388,40.32235900000103
2019q2__trip_total,33,512,11376,0.0016199999999999548,163.50891399997636,163.25788099999983
2019q2__trip_total,33,1024,21484,0.00046000000000001595,36.95168600006582,36.92382799999905
2019q2__trip_total,34,64,1708,0.011200000000000099,166.09966800024267,166.0049999999984
2019q2__trip_total,34,128,3064,0.0020000000000000018,32.126735000019835,32.12807599999934
2019q2__trip_total,34,256,5772,0.0028799999999999937,33.41097200063814,33.41482399999762
2019q2__trip_total,34,512,11376,0.0025800000000000267,38.44868000032875,38.439038999996455
2019q2__trip_total,34,1024,21484,0.0011999999999999789,177.63005899996642,174.66281899999814
2019q2__trip_total,35,64,1708,0.015059999999999962,163.8014270001804,162.39278599999807
2019q2__trip_total,35,128,3064,0.0043599999999999195,40.88531100023829,40.86873400000002
2019q2__trip_total,35,256,5772,0.0007400000000000739,36.0803780004062,36.082084000000236
2019q2__trip_total,35,512,11376,0.0013199999999999878,42.94973800006119,42.86025100000046
2019q2__trip_total,35,1024,21484,0.00030000000000002247,161.76167499997973,161.1305569999999
2019q2__trip_total,36,64,1708,0.019540000000000002,34.5975959999123,34.59497400000089
2019q2__trip_total,36,128,3064,0.0030999999999999917,164.79731399977027,164.70830400000125
2019q2__trip_total,36,256,5772,0.0039599999999999635,36.84757800056104,36.84975400000212
2019q2__trip_total,36,512,11376,0.0019399999999999418,33.3822880002117,33.38441200000375
2019q2__trip_total,36,1024,21484,0.00031999999999998696,35.633731999951124,35.63691300000471
2019q2__trip_total,37,64,1708,0.010160000000000002,57.65178500041657,50.917321999996545
2019q2__trip_total,37,128,3064,0.005599999999999938,34.79368799980875,34.79474800000304
2019q2__trip_total,37,256,5772,0.0012799999999999478,163.7961880005605,163.718774000003
2019q2__trip_total,37,512,11376,0.0015800000000000258,33.23636900040583,33.2177039999948
2019q2__trip_total,37,1024,21484,0.00015999999999993797,36.39076399940677,36.39391800000169
2019q2__trip_total,38,64,1708,0.00660000000000005,34.23164000014367,34.2276200000029
2019q2__trip_total,38,128,3064,0.005759999999999987,37.90210300030594,37.903972000002284
2019q2__trip_total,38,256,5772,0.0017599999999999838,35.29327100022783,35.29511499999671
2019q2__trip_total,38,512,11376,0.0006399999999999739,167.23517999980686,167.08999800000157
2019q2__trip_total,38,1024,21484,0.00021999999999999797,33.764879999580444,33.76696299999793
2019q2__trip_total,39,64,1708,0.014599999999999946,168.98542400031147,168.2242159999987
2019q2__trip_total,39,128,3064,0.0032999999999999696,50.329493999925035,49.51880400000164
2019q2__trip_total,39,256,5772,0.0022400000000000198,49.793391000093834,46.77473499999962
2019q2__trip_total,39,512,11376,0.0005600000000000049,166.95280899966747,166.79347200000194
2019q2__trip_total,39,1024,21484,2.0000000000020002e-05,41.67172799952823,41.67459199999968
2019q2__trip_miles,0,64,1708,0.008279999999999954,176.92278100003023,176.74644499999914
2019q2__trip_miles,0,128,3064,0.0028799999999999937,35.347934999663266,35.35049599999951
2019q2__trip_miles,0,256,5772,0.0018399999999999528,35.32246199938527,35.31148899999437
2019q2__trip_miles,0,512,11376,0.0015200000000000768,167.1747209993555,167.13346500000625
2019q2__trip_miles,0,1024,21484,0.000160000000000049,32.875853000405186,32.862506000000735
2019q2__trip_miles,1,64,1708,0.008299999999999974,162.15496499989968,162.04960299999982
2019q2__trip_miles,1,128,3064,0.000260000000000038,53.80599999989499,52.792251999996154
2019q2__trip_miles,1,256,5772,0.0023800000000000487,54.27957500069169,51.96187900000382
2019q2__trip_miles,1,512,11376,0.00041999999999997595,164.31360699971265,164.27026499999897
2019q2__trip_miles,1,1024,21484,9.999999999998899e-05,36.95333399991796,36.939406000001895
2019q2__trip_miles,2,64,1708,0.007360000000000033,172.68000399963057,172.31817999999777
2019q2__trip_miles,2,128,3064,0.0027800000000000047,38.96111300036864,38.914786999995954
2019q2__trip_miles,2,256,5772,0.0013600000000000279,39.51782900003309,39.521012999998106
2019q2__trip_miles,2,512,11376,0.0013600000000000279,162.47248000036052,162.41371199999577
2019q2__trip_miles,2,1024,21484,0.0008200000000000429,38.73122099957982,38.73329400000358
2019q2__trip_miles,3,64,1708,0.009279999999999955,47.028865000356745,47.02566999999647
2019q2__trip_miles,3,128,3064,0.003920000000000035,178.6267620000217,177.2451529999941
2019q2__trip_miles,3,256,5772,0.0012999999999999678,55.409592999239976,55.41264900000442
2019q2__trip_miles,3,512,11376,0.001040000000000041,175.34192400034954,175.22085200000248
2019q2__trip_miles,3,1024,21484,0.00017999999999995797,39.61048800010758,39.614233999998305
2019q2__trip_miles,4,64,1708,0.0033199999999999896,166.74133100059407,166.6179019999987
2019q2__trip_miles,4,128,3064,0.0043600000000000305,45.644688000720635,45.62528099999952
2019q2__trip_miles,4,256,5772,0.0051800000000000734,41.882774000441714,41.86255599999811
2019q2__trip_miles,4,512,11376,0.0007800000000000029,167.15048900005058,167.10727800000313
2019q2__trip_miles,4,1024,21484,0.0,37.71023499939474,37.69956499999694
2019q2__trip_miles,5,64,1708,0.012360000000000038,36.749214000337815,36.73033700000161
2019q2__trip_miles,5,128,3064,0.0015999999999999348,173.61663800056704,173.1714370000006
2019q2__trip_miles,5,256,5772,0.0020000000000000018,44.14655100026721,43.54764400000022
2019q2__trip_miles,5,512,11376,0.0015999999999999348,160.13965999991342,160.07960800000376
2019q2__trip_miles,5,1024,21484,0.0,38.63444999933563,38.62429000000134
2019q2__trip_miles,6,64,1708,0.00869999999999993,43.25611199965351,43.237337000000764
2019q2__trip_miles,6,128,3064,0.00869999999999993,167.81764700044732,167.70984400000088
2019q2__trip_miles,6,256,5772,0.0008199999999999319,36.51206000085949,36.498403999999596
2019q2__trip_miles,6,512,11376,0.0007399999999999629,43.71912999977212,43.70830400000614
2019q2__trip_miles,6,1024,21484,0.000260000000000038,169.78551099964534,169.74701799999536
2019q2__trip_miles,7,64,1708,0.008139999999999925,40.57197800011636,39.81682000000575
2019q2__trip_miles,7,128,3064,0.0022600000000000398,166.72139399997832,166.70063299999782
2019q2__trip_miles,7,256,5772,0.0010999999999999899,56.318122999982734,55.275215999998295
2019q2__trip_miles,7,512,11376,0.0011799999999999589,40.32479800025612,40.32640500000184
2019q2__trip_miles,7,1024,21484,0.0007800000000000029,162.67622700070206,162.6453519999984
2019q2__trip_miles,8,64,1708,0.013899999999999912,51.58028599998943,51.49995200000035
2019q2__trip_miles,8,128,3064,0.0029400000000000537,163.28365999925154,163.2186539999978
2019q2__trip_miles,8,256,5772,0.001060000000000061,37.9290780001611,37.91187800000273
2019q2__trip_miles,8,512,11376,0.0016199999999999548,43.691552999916894,43.69580000000184
2019q2__trip_miles,8,1024,21484,0.0,164.95467400000052,164.90110200000174
2019q2__trip_miles,9,64,1708,0.007739999999999969,31.819247999919753,31.816568000003542
2019q2__trip_miles,9,128,3064,0.005279999999999951,160.5168500000218,160.51135600000066
2019q2__trip_miles,9,256,5772,0.003500000000000003,54.75208099960582,54.10830900000008
2019q2__trip_miles,9,512,11376,0.0022800000000000598,40.69121200063819,40.65139000000073
2019q2__trip_miles,9,1024,21484,0.0004999999999999449,162.69754600034503,162.6703079999956
2019q2__trip_miles,10,64,1708,0.008859999999999979,39.45276700051181,39.44956000000133
2019q2__trip_miles,10,128,3064,0.005720000000000058,38.79529200003162,38.71664100000061
2019q2__trip_miles,10,256,5772,0.0012599999999999278,161.70936599974084,161.56666999999914
2019q2__trip_miles,10,512,11376,0.0008400000000000074,35.19127999970806,35.196570000003646
2019q2__trip_miles,10,1024,21484,0.0,37.85965099996247,37.86403100000513
2019q2__trip_miles,11,64,1708,0.00651999999999997,39.8055249997924,39.80256500000223
2019q2__trip_miles,11,128,3064,0.0016800000000000148,31.509569000263582,31.513130000000444
2019q2__trip_miles,11,256,5772,0.0023999999999999577,40.30619700006355,40.29397899999765
2019q2__trip_miles,11,512,11376,0.00046000000000001595,173.9971440001682,173.75580400000246
2019q2__trip_miles,11,1024,21484,0.00027999999999994696,42.28732199953811,42.07920800000409
2019q2__trip_miles,12,64,1708,0.021059999999999968,168.53842499949678,168.49820899999912
2019q2__trip_miles,12,128,3064,0.0040200000000000236,46.93721000057849,45.962277999997525
2019q2__trip_miles,12,256,5772,0.0021599999999999397,177.956833999815,176.99689500000204
2019q2__trip_miles,12,512,11376,0.0009200000000000319,50.45361300017248,50.43893300000235
2019q2__trip_miles,12,1024,21484,0.00012000000000000899,52.78611199992156,52.11920400000025
2019q2__trip_miles,13,64,1708,0.0034000000000000696,51.37355299939372,51.37040599999665
2019q2__trip_miles,13,128,3064,0.0031799999999999606,178.7296200000128,178.69258600000393
2019q2__trip_miles,13,256,5772,0.0017199999999999438,58.84965600034775,57.506696000004354
2019q2__trip_miles,13,512,11376,0.00043999999999999595,59.86485300036293,57.57284799999951
2019q2__trip_miles,13,1024,21484,0.00027999999999994696,163.8062499996522,163.7680070000016
2019q2__trip_miles,14,64,1708,0.006240000000000023,42.884943999524694,42.6157819999986
2019q2__trip_miles,14,128,3064,0.003920000000000035,160.46119400016323,160.33309100000537
2019q2__trip_miles,14,256,5772,0.0041599999999999415,35.82334200018522,35.82707099999993
2019q2__trip_miles,14,512,11376,0.000500000000000056,38.041233000512875,38.02624699999768
2019q2__trip_miles,14,1024,21484,0.000500000000000056,166.36483699949167,166.358467000002
2019q2__trip_miles,15,64,1708,0.0049399999999999444,33.79445700011274,33.791906999994126
2019q2__trip_miles,15,128,3064,0.005839999999999956,37.87177699996391,37.85862300000531
2019q2__trip_miles,15,256,5772,0.0026599999999999957,169.75164999985282,168.56768299999914
2019q2__trip_miles,15,512,11376,0.0008799999999999919,47.8340070003469,45.334439999997755
2019q2__trip_miles,15,1024,21484,0.00021999999999999797,34.613191000062216,34.61516400000164
2019q2__trip_miles,16,64,1708,0.0040799999999999725,32.810009000058926,32.7949899999993
2019q2__trip_miles,16,128,3064,0.0034200000000000896,31.4693990003434,31.472483000001716
2019q2__trip_miles,16,256,5772,0.0010599999999999499,168.65840899936302,168.53443000000112
2019q2__trip_miles,16,512,11376,2.0000000000020002e-05,39.992906999941624,39.9764470000008
2019q2__trip_miles,16,1024,21484,0.0005399999999999849,35.16289599974698,35.1660120000048
2019q2__trip_miles,17,64,1708,0.01214000000000004,164.23145299995667,164.1830949999985
2019q2__trip_miles,17,128,3064,0.006700000000000039,52.88428599942563,52.87087800000023
2019q2__trip_miles,17,256,5772,0.0045000000000000595,175.5934900002103,175.590095000004
2019q2__trip_miles,17,512,11376,0.00027999999999994696,53.11350799911452,51.62383399999726
2019q2__trip_miles,17,1024,21484,0.000180000000000069,54.86973400002171,54.530842000005464
2019q2__trip_miles,18,64,1708,0.0043199999999999905,39.78268799983198,39.7582639999996
2019q2__trip_miles,18,128,3064,0.0039799999999999836,33.98484199988161,33.986835000000326
2019q2__trip_miles,18,256,5772,0.0012999999999999678,171.69780699987314,171.5689850000004
2019q2__trip_miles,18,512,11376,0.0012999999999999678,44.89507800008141,44.89635600000241
2019q2__trip_miles,18,1024,21484,0.00024000000000001798,36.22636900036014,36.21200599999952
2019q2__trip_miles,19,64,1708,0.007879999999999998,166.66496500056383,166.62835399999665
2019q2__trip_miles,19,128,3064,0.0031599999999999406,39.01764100010041,39.00910699999827
2019q2__trip_miles,19,256,5772,0.001040000000000041,39.54527800033247,39.54901100000541
2019q2__trip_miles,19,512,11376,0.0017199999999999438,171.46476700054336,171.2431030000019
2019q2__trip_miles,19,1024,21484,0.00031999999999998696,51.67589800021233,50.98166300000173
2019q2__trip_miles,20,64,1708,0.006399999999999961,173.04683799920895,171.2811940000023
2019q2__trip_miles,20,128,3064,0.0036400000000000876,40.26629199961462,40.249758000001634
2019q2__trip_miles,20,256,5772,0.0050800000000000844,169.1437749996112,168.90190400000193
2019q2__trip_miles,20,512,11376,0.0005800000000000249,39.43912900012947,39.41404700000106
2019q2__trip_miles,20,1024,21484,0.0009799999999999809,37.78282799976296,37.7858870000054
2019q2__trip_miles,21,64,1708,0.009000000000000008,165.11684299985063,165.04051799999786
2019q2__trip_miles,21,128,3064,0.00546000000000002,38.55682599987631,38.55971499999811
2019q2__trip_miles,21,256,5772,0.0029799999999999827,36.524987000120746,36.52935899999932
2019q2__trip_miles,21,512,11376,0.00041999999999997595,171.5876850003042,171.55682899999647
2019q2__trip_miles,21,1024,21484,0.0007200000000000539,57.386348000363796,53.273934999999994
2019q2__trip_miles,22,64,1708,0.014040000000000052,168.0594449999262,167.92865400000068
2019q2__trip_miles,22,128,3064,0.006680000000000019,41.40466699936951,41.40626400000258
2019q2__trip_miles,22,256,5772,0.0048200000000000465,44.21529399951396,44.114822000004494
2019q2__trip_miles,22,512,11376,0.0011200000000000099,162.15755700068257,162.1091849999985
2019q2__trip_miles,22,1024,21484,0.0005199999999999649,40.514151999559544,40.501995999996154
2019q2__trip_miles,23,64,1708,0.006279999999999952,168.17098899991834,168.1398360000017
2019q2__trip_miles,23,128,3064,0.007059999999999955,47.084470000299916,47.08577800000313
2019q2__trip_miles,23,256,5772,0.0036199999999999566,46.2590769993767,46.247944000000984
2019q2__trip_miles,23,512,11376,0.0015600000000000058,174.674094000693,174.36835899999892
2019q2__trip_miles,23,1024,21484,0.0008599999999999719,55.27865800013387,55.280082000003006
2019q2__trip_miles,24,64,1708,0.006040000000000045,49.18971900042379,49.1701649999996
2019q2__trip_miles,24,128,3064,0.0037200000000000566,38.408716000049026,38.41192299999818
2019q2__trip_miles,24,256,5772,0.0025199999999999667,164.81990600004792,164.6764879999978
2019q2__trip_miles,24,512,11376,0.0017399999999999638,38.81505999925139,38.819697000000986
2019q2__trip_miles,24,1024,21484,0.00036000000000002697,37.02490300020145,37.00640199999583
2019q2__trip_miles,25,64,1708,0.008440000000000003,40.62837599940394,38.81552900000429
2019q2__trip_miles,25,128,3064,0.006780000000000008,36.46809499969095,36.47038399999758
2019q2__trip_miles,25,256,5772,0.0023199999999999887,35.892265000256884,35.78918399999509
2019q2__trip_miles,25,512,11376,0.0011400000000000299,180.34072699992976,175.35634099999697
2019q2__trip_miles,25,1024,21484,0.00013999999999991797,45.88125999998738,45.49622100000761
2019q2__trip_miles,26,64,1708,0.006780000000000008,38.21933400013222,38.21627700000363
2019q2__trip_miles,26,128,3064,0.0031400000000000317,35.54713300036383,35.550225000008595
2019q2__trip_miles,26,256,5772,0.0033800000000000496,43.76776599929144,43.6706650000076
2019q2__trip_miles,26,512,11376,0.0006999999999999784,161.94561600059387,161.9029339999969
2019q2__trip_miles,26,1024,21484,0.00038000000000004697,35.217677999753505,35.2205240000103
2019q2__trip_miles,27,64,1708,0.019119999999999915,162.16576100032398,162.12366799999245
2019q2__trip_miles,27,128,3064,0.0041599999999999415,39.943486000083794,39.94680200000289
2019q2__trip_miles,27,256,5772,0.0023600000000000287,50.60508099995786,50.60619399999666
2019q2__trip_miles,27,512,11376,0.0009399999999999409,167.4775059991589,167.4450630000024
2019q2__trip_miles,27,1024,21484,0.0007000000000000339,57.20515400025761,51.38289899998938
2019q2__trip_miles,28,64,1708,0.02538000000000007,160.58431300007214,160.54764999999804
2019q2__trip_miles,28,128,3064,0.009180000000000021,34.76890799993271,34.753709999989724
2019q2__trip_miles,28,256,5772,0.0029000000000000137,32.80370199991012,32.806028999999626
2019q2__trip_miles,28,512,11376,0.0010799999999999699,38.22489100002713,38.15567300000566
2019q2__trip_miles,28,1024,21484,0.00029999999999996696,163.47715800020524,163.43723399999988
2019q2__trip_miles,29,64,1708,0.009380000000000055,37.44437699970149,37.44132500000319
2019q2__trip_miles,29,128,3064,0.0040000000000000036,166.07049699996423,166.02274699999953
2019q2__trip_miles,29,256,5772,0.0024999999999999467,35.92776999994385,35.92942000000221
2019q2__trip_miles,29,512,11376,0.0008000000000000229,32.558617999711714,32.56071100000213
2019q2__trip_miles,29,1024,21484,0.0009200000000000319,162.80006499982846,162.75826999999765
2019q2__trip_miles,30,64,1708,0.012399999999999967,47.417355999641586,45.26685400000474
2019q2__trip_miles,30,128,3064,0.00546000000000002,35.380423999413324,35.38340600000822
2019q2__trip_miles,30,256,5772,0.0026399999999999757,163.29649499948573,163.25861300001066
2019q2__trip_miles,30,512,11376,0.0007800000000000029,32.47555599955376,32.47970500000008
2019q2__trip_miles,30,1024,21484,0.0006000000000000449,34.29149099974893,34.27512000000377
2019q2__trip_miles,31,64,1708,0.013020000000000032,31.90524700039532,31.9014180000039
2019q2__trip_miles,31,128,3064,0.0050400000000000444,34.036682000078144,34.02567999999917
2019q2__trip_miles,31,256,5772,0.0029200000000000337,34.203103000436386,34.205850999995846
2019q2__trip_miles,31,512,11376,0.0017999999999999128,169.89316899980622,169.5610080000023
2019q2__trip_miles,31,1024,21484,0.00029999999999996696,35.75507299956371,35.758068000006915
2019q2__trip_miles,32,64,1708,0.008000000000000007,173.97505799999635,170.9226039999976
2019q2__trip_miles,32,128,3064,0.005819999999999936,44.142828000076406,43.52289400000586
2019q2__trip_miles,32,256,5772,0.0017599999999999838,34.85886699945695,34.86168900001019
2019q2__trip_miles,32,512,11376,0.0018600000000000838,160.5279730001712,160.49754200000166
2019q2__trip_miles,32,1024,21484,0.00041999999999997595,34.48103200025798,34.47071800000856
2019q2__trip_miles,33,64,1708,0.009639999999999982,39.369497000734555,39.28110699999365
2019q2__trip_miles,33,128,3064,0.004899999999999904,177.72110599980806,175.80957799999908
2019q2__trip_miles,33,256,5772,0.0018399999999999528,45.49537399998371,45.49674500000833
2019q2__trip_miles,33,512,11376,0.0009599999999999609,163.87011499955406,163.8070160000069
2019q2__trip_miles,33,1024,21484,0.00038000000000004697,45.64449600002263,45.63216200000397
2019q2__trip_miles,34,64,1708,0.0048799999999999955,176.5902589995676,175.81488099999376
2019q2__trip_miles,34,128,3064,0.0017200000000000548,55.560132000209705,51.12503300000526
2019q2__trip_miles,34,256,5772,0.0011400000000000299,183.026035999319,177.58794099999875
2019q2__trip_miles,34,512,11376,0.0006599999999999939,52.311634000034246,51.69974199999672
2019q2__trip_miles,34,1024,21484,0.0007200000000000539,54.915570999583,54.6268490000017
2019q2__trip_miles,35,64,1708,0.009560000000000013,44.12990600030753,44.07099499999845
2019q2__trip_miles,35,128,3064,0.006739999999999968,36.38474099989253,36.387521999998285
2019q2__trip_miles,35,256,5772,0.0012199999999999989,164.9362440002733,164.89239000000566
2019q2__trip_miles,35,512,11376,0.0012600000000000389,37.721719000728626,37.72376599999916
2019q2__trip_miles,35,1024,21484,0.00021999999999999797,38.9742360002856,38.97654499999703
2019q2__trip_miles,36,64,1708,0.008700000000000041,54.351318999579235,51.8964320000066
2019q2__trip_miles,36,128,3064,0.008159999999999945,40.73255899947981,40.69349700000657
2019q2__trip_miles,36,256,5772,0.0022600000000000398,163.04911499992158,163.01442699999313
2019q2__trip_miles,36,512,11376,0.0013400000000000079,35.30596699965827,35.29056800000774
2019q2__trip_miles,36,1024,21484,0.00048000000000003595,39.201218000016524,39.182980999996175
2019q2__trip_miles,37,64,1708,0.014019999999999977,166.4129300006607,166.3467159999925
2019q2__trip_miles,37,128,3064,0.0033999999999999586,38.44944499996927,38.47407299998906
2019q2__trip_miles,37,256,5772,0.0037199999999999456,39.94596599932265,39.931933000005415
2019q2__trip_miles,37,512,11376,0.0013400000000000079,166.60447899994324,166.52883800000495
2019q2__trip_miles,37,1024,21484,0.00039999999999995595,34.25252699980774,34.25645300001179
2019q2__trip_miles,38,64,1708,0.007800000000000029,161.30445999988297,161.29428200000007
2019q2__trip_miles,38,128,3064,0.009020000000000028,51.549561999308935,51.395667000008416
2019q2__trip_miles,38,256,5772,0.0029200000000000337,56.31987000015215,54.248232999995594
2019q2__trip_miles,38,512,11376,0.0009599999999999609,174.83854399961274,173.79077100000018
2019q2__trip_miles,38,1024,21484,0.00046000000000001595,37.945736000438046,37.90427600000612
2019q2__trip_miles,39,64,1708,0.005859999999999976,176.28726800012373,176.16261800000643
2019q2__trip_miles,39,128,3064,0.006240000000000023,54.10757099980401,53.809590000000185
2019q2__trip_miles,39,256,5772,0.0044399999999999995,34.94213799967838,34.896496000001775
2019q2__trip_miles,39,512,11376,0.0012999999999999678,169.43849000017508,168.2706760000059
2019q2__trip_miles,39,1024,21484,0.00037999999999993594,45.86330399979488,45.86370600000578
2019q2__trip_seconds,0,64,1708,0.007839999999999958,174.15423500006,173.8456849999892
2019q2__trip_seconds,0,128,3064,0.005279999999999951,50.700343000244175,50.43953499999532
2019q2__trip_seconds,0,256,5772,0.0021999999999999797,165.5062709996855,165.4550190000066
2019q2__trip_seconds,0,512,11376,0.00039999999999995595,35.574970000197936,35.579308000009746
2019q2__trip_seconds,0,1024,21484,0.0,32.71199499977229,32.698883000009005
2019q2__trip_seconds,1,64,1708,0.0053400000000000045,179.61953099984385,179.47365499999535
2019q2__trip_seconds,1,128,3064,0.0019799999999999818,53.55335700005526,53.54719799998975
2019q2__trip_seconds,1,256,5772,0.0006199999999999539,180.25211500025762,178.63496599998996
2019q2__trip_seconds,1,512,11376,0.0,53.90489600085857,53.02242400000523
2019q2__trip_seconds,1,1024,21484,0.0,33.61472100004903,33.61684899999773
2019q2__trip_seconds,2,64,1708,0.01081999999999994,50.192994000099134,50.13841799998886
2019q2__trip_seconds,2,128,3064,0.012199999999999989,33.32760699959181,33.31713199999342
2019q2__trip_seconds,2,256,5772,0.00012000000000000899,164.95122000014817,164.9201659999875
2019q2__trip_seconds,2,512,11376,0.001040000000000041,39.026444999763044,39.028640999987374
2019q2__trip_seconds,2,1024,21484,0.0,32.31738499925996,32.29664499998819
2019q2__trip_seconds,3,64,1708,0.007780000000000009,163.12386499976128,162.95971299999223
2019q2__trip_seconds,3,128,3064,0.0021200000000000108,33.21816799962107,33.22137799999325
2019q2__trip_seconds,3,256,5772,0.0018399999999999528,37.53063899966946,37.53258700000117
2019q2__trip_seconds,3,512,11376,0.0,166.6984309995314,166.4495850000094
2019q2__trip_seconds,3,1024,21484,0.0,37.10866500023258,37.1108349999929
2019q2__trip_seconds,4,64,1708,0.0035199999999999676,176.81985599938344,176.79513900000643
2019q2__trip_seconds,4,128,3064,0.0032800000000000606,50.41710699970281,49.93741699999532
2019q2__trip_seconds,4,256,5772,0.0012999999999999678,47.32813099963096,46.90829099999405
2019q2__trip_seconds,4,512,11376,0.0,173.59002699959092,173.43117900000493
2019q2__trip_seconds,4,1024,21484,0.00015999999999993797,48.96577999988949,48.955780000000004
2019q2__trip_seconds,5,64,1708,0.011980000000000005,164.5141290000538,164.40507399998694
2019q2__trip_seconds,5,128,3064,0.007920000000000038,33.568496000043524,33.54918800000917
2019q2__trip_seconds,5,256,5772,0.0,32.07622599984461,32.08138200000121
2019q2__trip_seconds,5,512,11376,0.001040000000000041,164.3440140005623,164.2830180000061
2019q2__trip_seconds,5,1024,21484,0.0,39.70074199969531,39.70327899999404
2019q2__trip_seconds,6,64,1708,0.01092000000000004,32.922964000135835,32.92208400000618
2019q2__trip_seconds,6,128,3064,0.0043400000000000105,162.19374499996775,162.16551099999776
2019q2__trip_seconds,6,256,5772,0.0007000000000000339,51.06553199948394,44.20659999999543
2019q2__trip_seconds,6,512,11376,0.0017399999999999638,39.63476700027968,37.3522510000015
2019q2__trip_seconds,6,1024,21484,0.0,162.17774199958512,161.89609999999277
2019q2__trip_seconds,7,64,1708,0.007160000000000055,30.630555000243476,30.61437800000988
2019q2__trip_seconds,7,128,3064,0.0045600000000000085,34.96283700042113,34.80313400000057
2019q2__trip_seconds,7,256,5772,0.0026000000000000467,163.31497899955139,163.05627399999878
2019q2__trip_seconds,7,512,11376,0.0015000000000000568,30.63836999990599,30.642808999999716
2019q2__trip_seconds,7,1024,21484,0.000260000000000038,32.781171000351605,32.771167999996464
2019q2__trip_seconds,8,64,1708,0.005539999999999989,164.8377689998597,164.58687399999405
2019q2__trip_seconds,8,128,3064,0.0029600000000000737,31.601125000634056,31.603609999990567
2019q2__trip_seconds,8,256,5772,0.0023999999999999577,41.43455600024026,41.42621100000099
2019q2__trip_seconds,8,512,11376,0.000180000000000069,177.4622230004752,172.7709679999947
2019q2__trip_seconds,8,1024,21484,0.000180000000000069,47.9018369996993,43.82825599999762
2019q2__trip_seconds,9,64,1708,0.007639999999999994,158.8217580001583,158.76323000000525
2019q2__trip_seconds,9,128,3064,0.00046000000000001595,38.31898099997488,37.194354999996904
2019q2__trip_seconds,9,256,5772,0.000500000000000056,30.837195999993128,30.824019999997176
2019q2__trip_seconds,9,512,11376,0.0023999999999999577,165.5232569992222,165.34331300000815
2019q2__trip_seconds,9,1024,21484,0.0,32.546479999837175,32.52911900000299
2019q2__trip_seconds,10,64,1708,0.006179999999999963,36.00441799972032,35.917206000007695
2019q2__trip_seconds,10,128,3064,0.0038799999999999946,165.6253179999112,165.3648039999922
2019q2__trip_seconds,10,256,5772,0.0031200000000000117,33.789026000704325,33.780139000000986
2019q2__trip_seconds,10,512,11376,0.00036000000000002697,30.76207699996303,30.764089000001604
2019q2__trip_seconds,10,1024,21484,0.0,32.76232300049742,32.764985000000024
2019q2__trip_seconds,11,64,1708,0.0030799999999999716,43.260726999506005,41.03303899999844
2019q2__trip_seconds,11,128,3064,0.0030799999999999716,34.25520000018878,34.24114999999972
2019q2__trip_seconds,11,256,5772,0.0037800000000000056,160.2232830000503,160.1677629999898
2019q2__trip_seconds,11,512,11376,0.0013599999999999168,35.28880999965622,35.278370000000336
2019q2__trip_seconds,11,1024,21484,0.0006399999999999739,32.57376499914244,32.577837999994586
2019q2__trip_seconds,12,64,1708,0.005539999999999989,161.71561700048187,161.6801489999915
2019q2__trip_seconds,12,128,3064,0.005580000000000029,31.22319200065249,31.21149499999376
2019q2__trip_seconds,12,256,5772,0.0014600000000000168,31.704300000455987,31.707245999996303
2019q2__trip_seconds,12,512,11376,0.0,160.01503200004663,159.96881200000246
2019q2__trip_seconds,12,1024,21484,0.0,41.08792299939523,41.089542000008805
2019q2__trip_seconds,13,64,1708,0.006759999999999988,36.36654899946734,36.36486999999988
2019q2__trip_seconds,13,128,3064,0.0029599999999999627,162.58913399997255,162.5377929999985
2019q2__trip_seconds,13,256,5772,0.0007800000000000029,49.545871000191255,48.363926000007496
2019q2__trip_seconds,13,512,11376,0.0005800000000000249,38.17700400031754,38.179518999996276
2019q2__trip_seconds,13,1024,21484,0.0,165.92961800051853,165.85860600000046
2019q2__trip_seconds,14,64,1708,0.0037199999999999456,32.91805199933151,32.893224000005716
2019q2__trip_seconds,14,128,3064,0.0029000000000000137,166.62387700034742,166.52802199999428
2019q2__trip_seconds,14,256,5772,0.0008999999999999009,35.05875900009414,35.039832000009596
2019q2__trip_seconds,14,512,11376,0.0022000000000000908,32.93355999994674,32.93643099999599
2019q2__trip_seconds,14,1024,21484,0.00029999999999996696,34.24123800050438,34.22854000000086
2019q2__trip_seconds,15,64,1708,0.004639999999999998,41.31691900056467,41.28629600000977
2019q2__trip_seconds,15,128,3064,0.0024399999999999977,31.210854000164545,31.215054000000464
2019q2__trip_seconds,15,256,5772,0.0015199999999999658,34.18766600043455,34.18984199998931
2019q2__trip_seconds,15,512,11376,0.0,169.9588750007024,169.90117800000348
2019q2__trip_seconds,15,1024,21484,0.0,47.27789699973073,47.25237300000629
2019q2__trip_seconds,16,64,1708,0.016800000000000037,175.99602399968717,175.91204400000038
2019q2__trip_seconds,16,128,3064,0.006220000000000003,35.414599000432645,35.41635300000223
2019q2__trip_seconds,16,256,5772,0.0005600000000000049,166.25558099985938,166.0165400000011
2019q2__trip_seconds,16,512,11376,0.0005199999999999649,44.17091499999515,44.149771999997256
2019q2__trip_seconds,16,1024,21484,0.0001399999999999943,38.96733299916377,38.97020299999099
2019q2__trip_seconds,17,64,1708,0.005120000000000013,175.01582600016263,174.96860800000036
2019q2__trip_seconds,17,128,3064,0.0014800000000000368,51.18676799975219,51.189823999990836
2019q2__trip_seconds,17,256,5772,0.0015399999999999858,163.16561900021043,163.1426590000018
2019q2__trip_seconds,17,512,11376,0.0,52.74569499943027,51.262269000005745
2019q2__trip_seconds,17,1024,21484,0.0005199999999999996,48.67448700042587,48.67614800001263
2019q2__trip_seconds,18,64,1708,0.003980000000000004,33.6710329993366,33.667769000004455
2019q2__trip_seconds,18,128,3064,0.0033199999999999896,34.13143299985677,34.1148990000022
2019q2__trip_seconds,18,256,5772,0.0033600000000000296,163.98281900001166,163.83467299999666
2019q2__trip_seconds,18,512,11376,0.000280000000000058,38.282817999970575,38.23944699999515
2019q2__trip_seconds,18,1024,21484,0.00035999999999991594,37.25324900005944,37.23737900000401
2019q2__trip_seconds,19,64,1708,0.012419999999999987,165.29404800076009,165.2285589999991
2019q2__trip_seconds,19,128,3064,0.005220000000000002,38.40119300002698,38.404716999991706
2019q2__trip_seconds,19,256,5772,0.0022999999999999687,32.54110700072488,32.54648700000473
2019q2__trip_seconds,19,512,11376,0.0005399999999999849,160.00028800044674,159.97458600000414
2019q2__trip_seconds,19,1024,21484,0.0,47.16189700047835,47.15017499999874
2019q2__trip_seconds,20,64,1708,0.007099999999999995,164.64540099968872,164.23058299999127
2019q2__trip_seconds,20,128,3064,0.0017599999999999838,37.212162999821885,37.21571900000242
2019q2__trip_seconds,20,256,5772,0.001060000000000061,36.43349499998294,36.43632200000013
2019q2__trip_seconds,20,512,11376,0.0011800000000000699,36.155505000351695,36.140897000009886
2019q2__trip_seconds,20,1024,21484,0.0,161.70234400033223,161.52627600000358
2019q2__trip_seconds,21,64,1708,0.0021799999999999597,31.73880900067161,31.737848000005897
2019q2__trip_seconds,21,128,3064,0.0035000000000000586,31.64701999958197,31.64982299999508
2019q2__trip_seconds,21,256,5772,0.0023999999999999577,162.08106199974281,161.94330300000104
2019q2__trip_seconds,21,512,11376,0.0005399999999999849,31.88025200051925,31.87133200000858
2019q2__trip_seconds,21,1024,21484,0.0005199999999999649,30.19450300052995,30.197482999994918
2019q2__trip_seconds,22,64,1708,0.007360000000000033,172.39869300010469,172.38618300000041
2019q2__trip_seconds,22,128,3064,0.0041399999999999215,49.68439500044042,49.68630600001234
2019q2__trip_seconds,22,256,5772,0.0011200000000000099,165.00198199992155,164.96845400000382
2019q2__trip_seconds,22,512,11376,0.0011400000000000299,35.38051799932873,35.36852300000248
2019q2__trip_seconds,22,1024,21484,0.0006400000000000017,32.650584999828425,32.655357999999524
2019q2__trip_seconds,23,64,1708,0.012680000000000025,159.96587599966006,159.86238699998978
2019q2__trip_seconds,23,128,3064,0.0031200000000000117,34.01593499984301,33.997577999997475
2019q2__trip_seconds,23,256,5772,0.0044199999999999795,35.43690399965271,35.44022699999516
2019q2__trip_seconds,23,512,11376,0.0016199999999999548,163.17885599983128,163.12411599999166
2019q2__trip_seconds,23,1024,21484,0.00025999999999992696,45.71441599910031,45.566054999994776
2019q2__trip_seconds,24,64,1708,0.014580000000000037,37.198979999629955,37.19740699999363
2019q2__trip_seconds,24,128,3064,0.007340000000000013,169.6842880000986,169.6367979999991
2019q2__trip_seconds,24,256,5772,0.0017200000000000548,50.46362200027943,50.44863000000532
2019q2__trip_seconds,24,512,11376,0.0007599999999999829,161.78604400010954,161.75220600000273
2019q2__trip_seconds,24,1024,21484,0.0007800000000000029,39.61100400010764,39.61202300000366
2019q2__trip_seconds,25,64,1708,0.01534000000000002,38.60876099952293,38.60710900001152
2019q2__trip_seconds,25,128,3064,0.006460000000000021,170.00516999996762,169.819614000005
2019q2__trip_seconds,25,256,5772,0.0011599999999999944,38.39809600049193,38.3996429999911
2019q2__trip_seconds,25,512,11376,0.00068,35.75350199935201,35.74195000000202
2019q2__trip_seconds,25,1024,21484,0.0008599999999999719,165.8214669996596,165.76867099999504
2019q2__trip_seconds,26,64,1708,0.019379999999999994,34.53159100081393,34.529368000008276
2019q2__trip_seconds,26,128,3064,0.006839999999999999,166.4717780004139,166.44446999998763
2019q2__trip_seconds,26,256,5772,0.0030000000000000027,49.88104099993507,49.88432999999759
2019q2__trip_seconds,26,512,11376,0.0016399999999999956,45.13356400002522,45.135305999991715
2019q2__trip_seconds,26,1024,21484,0.001459999999999996,176.24519999935728,176.21932100000492
2019q2__trip_seconds,27,64,1708,0.009179999999999994,50.19527399963408,50.10131599999568
2019q2__trip_seconds,27,128,3064,0.0046800000000000175,182.58273399987957,174.42106000000024
2019q2__trip_seconds,27,256,5772,0.0024200000000000055,52.36750999938522,52.23925500000348
2019q2__trip_seconds,27,512,11376,0.0016400000000000026,176.64679599965893,176.52884599999652
2019q2__trip_seconds,27,1024,21484,0.0005399999999999849,53.42466999991302,53.36729799999773
2019q2__trip_seconds,28,64,1708,0.0049799999999999844,173.07782100033364,172.59444300000837
2019q2__trip_seconds,28,128,3064,0.0022799999999999487,49.66980999961379,49.13707599999384
2019q2__trip_seconds,28,256,5772,0.0012199999999999989,168.97930499999347,166.94311400000572
2019q2__trip_seconds,28,512,11376,0.0010999999999999899,37.92025199982163,37.92256100000202
2019q2__trip_seconds,28,1024,21484,0.00046000000000001595,33.138306999717315,33.14250900000104
2019q2__trip_seconds,29,64,1708,0.0121,169.1912140004206,168.98081499999762
2019q2__trip_seconds,29,128,3064,0.0045600000000000085,33.90440499970282,33.89267199999324
2019q2__trip_seconds,29,256,5772,0.0013199999999999878,40.04584399990563,40.04952200000389
2019q2__trip_seconds,29,512,11376,0.0011200000000000099,162.0974430006754,162.06388700000218
2019q2__trip_seconds,29,1024,21484,0.00028000000000000247,33.26375899996492,33.26697899998976
2019q2__trip_seconds,30,64,1708,0.009240000000000005,43.456321000121534,43.45276099999751
2019q2__trip_seconds,30,128,3064,0.007759999999999989,175.5912160006119,175.33211800000004
2019q2__trip_seconds,30,256,5772,0.0024200000000000055,49.12036299992906,48.31735000000492
2019q2__trip_seconds,30,512,11376,0.001060000000000061,166.932805000215,166.7609529999936
2019q2__trip_seconds,30,1024,21484,0.00012000000000000899,39.34836099961103,39.323069999994686
2019q2__trip_seconds,31,64,1708,0.012699999999999989,41.40294599983463,41.32359099999405
2019q2__trip_seconds,31,128,3064,0.003259999999999985,161.1420890003501,161.087321999986
2019q2__trip_seconds,31,256,5772,0.0023600000000000287,34.35558999990462,34.35871100001009
2019q2__trip_seconds,31,512,11376,0.0015800000000000258,39.09408499930578,39.07928600000332
2019q2__trip_seconds,31,1024,21484,0.00038000000000004697,162.97926500010362,162.91240500000015
2019q2__trip_seconds,32,64,1708,0.016379999999999992,31.24996899987309,31.249105000000554
2019q2__trip_seconds,32,128,3064,0.005299999999999999,35.14037700006156,35.143375000004085
2019q2__trip_seconds,32,256,5772,0.0031600000000000517,170.75008600022556,170.47454299999742
2019q2__trip_seconds,32,512,11376,0.0009399999999999409,45.82184600076289,43.28862100000208
2019q2__trip_seconds,32,1024,21484,0.0007399999999999907,33.902278999448754,33.88915799999381
2019q2__trip_seconds,33,64,1708,0.011520000000000002,32.064478999927815,32.0629650000086
2019q2__trip_seconds,33,128,3064,0.006419999999999981,32.092229000227235,32.096065000004614
2019q2__trip_seconds,33,256,5772,0.0035199999999999676,165.50663899943174,165.38506600001313
2019q2__trip_seconds,33,512,11376,0.0010799999999999699,33.817053000348096,33.8203140000104
2019q2__trip_seconds,33,1024,21484,0.000540000000000096,36.32368900071015,36.311688000012055
2019q2__trip_seconds,34,64,1708,0.016619999999999968,159.6871559995634,159.63860699999088
2019q2__trip_seconds,34,128,3064,0.005939999999999945,39.571659000102954,39.574229000010064
2019q2__trip_seconds,34,256,5772,0.0014800000000000368,50.658291000218014,50.66031799999848
2019q2__trip_seconds,34,512,11376,0.0007399999999999629,178.6829900001976,174.28046999999935
2019q2__trip_seconds,34,1024,21484,0.0006599999999999939,51.06761800016102,49.92773700000441
2019q2__trip_seconds,35,64,1708,0.00884,176.2792100007573,175.215711000007
2019q2__trip_seconds,35,128,3064,0.005780000000000007,42.05450799963728,41.78164700000764
2019q2__trip_seconds,35,256,5772,0.0033799999999999386,168.28252300001623,167.92884299999855
2019q2__trip_seconds,35,512,11376,3.999999999992898e-05,36.264888999539835,36.141080000007264
2019q2__trip_seconds,35,1024,21484,0.00012000000000000899,39.5061799999894,39.48931200000061
2019q2__trip_seconds,36,64,1708,0.009419999999999984,163.08953400039172,162.96994599998982
2019q2__trip_seconds,36,128,3064,0.0042200000000000015,36.49661300005391,36.49922200000333
2019q2__trip_seconds,36,256,5772,0.0013199999999999878,33.04080899943074,33.02964200000247
2019q2__trip_seconds,36,512,11376,0.000280000000000058,167.17078600049717,166.88139500000432
2019q2__trip_seconds,36,1024,21484,0.00025999999999999635,48.97534799965797,48.68159199999411
2019q2__trip_seconds,37,64,1708,0.01197999999999999,174.8650870003985,174.65463899999634
2019q2__trip_seconds,37,128,3064,0.013099999999999999,48.45895499965991,46.735656999999264
2019q2__trip_seconds,37,256,5772,0.0020200000000000218,41.16334700029256,41.05847400001039
2019q2__trip_seconds,37,512,11376,0.0008399999999999519,159.33406400017702,159.15327099999388
2019q2__trip_seconds,37,1024,21484,0.00043999999999999595,35.851163000188535,35.85328600000537
2019q2__trip_seconds,38,64,1708,0.008539999999999992,159.18129199963005,159.08689100000117
2019q2__trip_seconds,38,128,3064,0.0036399999999999766,39.27980899970862,39.28231199999743
2019q2__trip_seconds,38,256,5772,0.0011799999999999589,35.86135100067622,35.86296899999297
2019q2__trip_seconds,38,512,11376,0.0008400000000000629,43.3889089999866,43.37877599999729
2019q2__trip_seconds,38,1024,21484,0.0006399999999999739,175.6826999999248,175.52871499999867
2019q2__trip_seconds,39,64,1708,0.009020000000000028,177.48384599963174,175.70237399999655
2019q2__trip_seconds,39,128,3064,0.011639999999999984,47.23295799976768,47.21908999999869
2019q2__trip_seconds,39,256,5772,0.0028399999999999537,33.07449300064036,33.0773919999956
2019q2__trip_seconds,39,512,11376,0.0008599999999999719,164.94150499966054,164.8149520000004
2019q2__trip_seconds,39,1024,21484,0.00040000000000006697,32.860508000339905,32.86329500001273
2019q3__trip_total,0,64,1708,0.011160000000000003,40.335016999961226,40.311316000000375
2019q3__trip_total,0,128,3064,0.0020999999999999908,160.6574269999328,160.6111459999937
2019q3__trip_total,0,256,5772,0.0024399999999999977,33.28426899952319,33.27400999999952
2019q3__trip_total,0,512,11376,0.0020999999999999908,30.577894999623823,30.580307999997558
2019q3__trip_total,0,1024,21484,0.0007800000000000029,32.8800469997077,32.88244200000179
2019q3__trip_total,1,64,1708,0.008740000000000081,50.659189000725746,49.79373399999076
2019q3__trip_total,1,128,3064,0.011519999999999975,169.3806429993856,169.347939000005
2019q3__trip_total,1,256,5772,0.0031800000000000717,41.53786100050638,41.54092800000342
2019q3__trip_total,1,512,11376,0.00046000000000001595,35.5714329998591,35.55922400001066
2019q3__trip_total,1,1024,21484,0.0010200000000000209,38.01534499962145,37.93922700000962
2019q3__trip_total,2,64,1708,0.01438000000000006,33.17561299991212,33.17201900000555
2019q3__trip_total,2,128,3064,0.001980000000000093,36.11565299979702,36.10367999999653
2019q3__trip_total,2,256,5772,0.0007600000000000939,159.92108199952781,159.91588500000375
2019q3__trip_total,2,512,11376,0.0016599999999999948,39.45708300034312,39.43713799999671
2019q3__trip_total,2,1024,21484,0.00041999999999997595,31.449670000256447,31.452279999996335
2019q3__trip_total,3,64,1708,0.011039999999999994,173.39557200011768,173.14786000000026
2019q3__trip_total,3,128,3064,0.0040799999999999725,50.497914000516175,50.50097899999173
2019q3__trip_total,3,256,5772,0.0022199999999999998,38.7992949999898,38.810564000002046
2019q3__trip_total,3,512,11376,0.0008799999999999919,158.3489839995309,158.34172299999238
2019q3__trip_total,3,1024,21484,0.0007399999999999629,33.58868499981327,33.59083399999463
2019q3__trip_total,4,64,1708,0.018460000000000032,163.94075600055658,163.86079200000836
2019q3__trip_total,4,128,3064,0.008900000000000019,35.87360399978934,35.855886999996756
2019q3__trip_total,4,256,5772,0.0008200000000000429,33.982486999775574,33.98424099999886
2019q3__trip_total,4,512,11376,0.0025399999999999867,35.74227500030247,35.69843700000774
2019q3__trip_total,4,1024,21484,0.00037999999999993594,163.65629699976125,163.61197899999524
2019q3__trip_total,5,64,1708,0.007440000000000002,32.965417000013986,32.96340800000053
2019q3__trip_total,5,128,3064,0.007240000000000024,33.47731800022302,33.48056299999769
2019q3__trip_total,5,256,5772,0.0031799999999999606,168.46291799993196,168.0529740000054
2019q3__trip_total,5,512,11376,0.0017399999999999638,48.958608000248205,48.94895200000349
2019q3__trip_total,5,1024,21484,0.0005399999999999849,38.159589000315464,38.147488999996426
2019q3__trip_total,6,64,1708,0.015020000000000033,42.34240299956582,42.33929599999442
2019q3__trip_total,6,128,3064,0.0042799999999999505,35.883907999959774,35.88963700001102
2019q3__trip_total,6,256,5772,0.006120000000000014,162.38630400039256,162.25263799999823
2019q3__trip_total,6,512,11376,0.0010799999999999699,33.766526999897906,33.769366000001355
2019q3__trip_total,6,1024,21484,0.00021999999999999797,34.08656899955531,34.07475699999907
2019q3__trip_total,7,64,1708,0.00985999999999998,163.84486600054515,163.78113300000052
2019q3__trip_total,7,128,3064,0.005820000000000047,32.84459800033801,32.83657699999765
2019q3__trip_total,7,256,5772,0.0028200000000000447,39.424857999620144,39.445201999996016
2019q3__trip_total,7,512,11376,0.00046000000000001595,169.6839979995275,169.65680100000213
2019q3__trip_total,7,1024,21484,0.0,47.83197500000824,47.77939400000264
2019q3__trip_total,8,64,1708,0.007819999999999938,158.94904200013116,158.89973299999838
2019q3__trip_total,8,128,3064,0.006940000000000057,33.182035000209,33.18373800000529
2019q3__trip_total,8,256,5772,0.0017599999999999838,46.08958900007565,46.07832499999631
2019q3__trip_total,8,512,11376,0.0016800000000000148,175.54422700050054,175.41623300000708
2019q3__trip_total,8,1024,21484,0.00036000000000002697,32.78461199988669,32.76308200000244
2019q3__trip_total,9,64,1708,0.01878000000000002,37.09246099970187,37.071142000002055
2019q3__trip_total,9,128,3064,0.008120000000000016,172.40889900040202,172.27740500000266
2019q3__trip_total,9,256,5772,0.0023600000000000287,32.32366500014905,32.32587499999795
2019q3__trip_total,9,512,11376,0.00024000000000001798,32.27784499995323,32.28101499999525
2019q3__trip_total,9,1024,21484,0.00048000000000003595,166.58845000074507,166.55879200000356
2019q3__trip_total,10,64,1708,0.005859999999999976,42.10200300076394,42.08103300000232
2019q3__trip_total,10,128,3064,0.009119999999999906,161.78501500053244,161.75119599999732
2019q3__trip_total,10,256,5772,0.0024800000000000377,38.8441690001855,38.84549100000356
2019q3__trip_total,10,512,11376,0.0014399999999999968,33.16746900054568,33.17709799999591
2019q3__trip_total,10,1024,21484,0.000180000000000069,38.25378900000942,38.17000899999812
2019q3__trip_total,11,64,1708,0.0034199999999999786,32.90248099983728,32.886490999999296
2019q3__trip_total,11,128,3064,0.0036399999999999766,46.745009000005666,46.74753999999837
2019q3__trip_total,11,256,5772,0.0034200000000000896,169.6911730005013,169.62058900000443
2019q3__trip_total,11,512,11376,0.0015199999999999658,33.88960099982796,33.89318700000388
2019q3__trip_total,11,1024,21484,0.00048000000000003595,31.737771000734938,31.739853000004814
2019q3__trip_total,12,64,1708,0.011680000000000024,188.38124400008383,170.2573660000013
2019q3__trip_total,12,128,3064,0.0040999999999999925,46.58341400045174,46.0730610000013
2019q3__trip_total,12,256,5772,0.0021400000000000308,161.81935900021926,161.7744870000024
2019q3__trip_total,12,512,11376,0.0007800000000000029,38.27486499994848,38.2770249999993
2019q3__trip_total,12,1024,21484,0.00027999999999994696,41.27482300009433,41.267646999997964
2019q3__trip_total,13,64,1708,0.017060000000000006,173.99856700012606,173.90709900000445
2019q3__trip_total,13,128,3064,0.0034800000000000386,35.09288899931562,35.076172999993105
2019q3__trip_total,13,256,5772,0.0010799999999999699,173.0252590004966,172.9293659999911
2019q3__trip_total,13,512,11376,0.0015199999999999658,57.32236899984855,57.227147000006084
2019q3__trip_total,13,1024,21484,0.00039999999999995595,42.38072199950693,42.38329300000032
2019q3__trip_total,14,64,1708,0.005400000000000016,53.84240900002624,53.689200000007986
2019q3__trip_total,14,128,3064,0.0042400000000000215,50.605708999682975,50.59371500000509
2019q3__trip_total,14,256,5772,0.0031600000000000517,166.64595099973667,166.6188779999942
2019q3__trip_total,14,512,11376,0.0021400000000000308,47.32525399958831,47.327713999990806
2019q3__trip_total,14,1024,21484,0.0005399999999999849,173.0251130002216,172.89680400000407
2019q3__trip_total,15,64,1708,0.006180000000000074,36.497439999948256,36.496279999994385
2019q3__trip_total,15,128,3064,0.0030000000000000027,42.9425150005045,42.79414000001225
2019q3__trip_total,15,256,5772,0.0035800000000000276,172.52712899971812,172.47173299999474
2019q3__trip_total,15,512,11376,0.0011200000000000099,41.081448000113596,41.0816220000072
2019q3__trip_total,15,1024,21484,0.00031999999999998696,41.995562999545655,41.977567000003546
2019q3__trip_total,16,64,1708,0.008379999999999943,57.53648100017017,57.53206700001101
2019q3__trip_total,16,128,3064,0.0045600000000000085,44.107302999691456,44.11054699998829
2019q3__trip_total,16,256,5772,0.0029199999999999227,155.45496200047637,155.42809500000487
2019q3__trip_total,16,512,11376,0.001060000000000061,36.12478599916358,36.10775799999999
2019q3__trip_total,16,1024,21484,0.00037999999999993594,37.27940899989335,37.26654000000451
2019q3__trip_total,17,64,1708,0.0048400000000000665,43.91061299975263,43.87010000000657
2019q3__trip_total,17,128,3064,0.007900000000000018,37.73488800015912,37.7377770000038
2019q3__trip_total,17,256,5772,0.0036000000000000476,168.31536599966057,168.0683429999874
2019q3__trip_total,17,512,11376,0.0008799999999999919,47.11680600030377,47.10390799999686
2019q3__trip_total,17,1024,21484,0.001040000000000041,33.036475999324466,33.03984999999443
2019q3__trip_total,18,64,1708,0.00784,53.972071000316646,53.47120800000482
2019q3__trip_total,18,128,3064,0.0027800000000000047,53.949344999637106,53.628600999999776
2019q3__trip_total,18,256,5772,0.0049200000000000355,175.44058800012863,175.17345999999634
2019q3__trip_total,18,512,11376,0.0010200000000000209,42.255112000020745,41.44100799999251
2019q3__trip_total,18,1024,21484,0.00036000000000002697,40.14841299976979,39.62554199999602
2019q3__trip_total,19,64,1708,0.009419999999999984,33.671021000373,33.66971200000535
2019q3__trip_total,19,128,3064,0.008879999999999999,35.10915599963482,35.09573099999841
2019q3__trip_total,19,256,5772,0.00036000000000002697,165.5428509993726,165.51724299999648
2019q3__trip_total,19,512,11376,0.0008399999999999519,35.719077000067045,35.698465999999485
2019q3__trip_total,19,1024,21484,0.0009000000000000119,35.98483799942187,35.97463000001255
2019q3__trip_total,20,64,1708,0.009040000000000048,171.12537100001646,171.06597800000145
2019q3__trip_total,20,128,3064,0.0049399999999999444,48.30864100040344,48.29837700000894
2019q3__trip_total,20,256,5772,0.0015999999999999348,32.07452099923103,32.07670999999834
2019q3__trip_total,20,512,11376,0.0006000000000000449,160.0745759997153,160.05341100000692
2019q3__trip_total,20,1024,21484,0.00031999999999998696,43.58068399960757,43.583827999995606
2019q3__trip_total,21,64,1708,0.010319999999999996,175.54999900039547,174.4968669999878
2019q3__trip_total,21,128,3064,0.005259999999999931,50.011076999908255,50.012644000005935
2019q3__trip_total,21,256,5772,0.0033800000000000496,175.02218899971922,174.53099999998756
2019q3__trip_total,21,512,11376,0.0007599999999999829,38.078249000136566,38.067135999995116
2019q3__trip_total,21,1024,21484,0.0007599999999999829,37.00469600062206,37.00648699999931
2019q3__trip_total,22,64,1708,0.008440000000000003,164.64289099985763,164.60699200000306
2019q3__trip_total,22,128,3064,0.007519999999999971,53.085290000126406,53.06917499999031
2019q3__trip_total,22,256,5772,0.0013400000000000079,176.88756999996258,176.73281100000793
2019q3__trip_total,22,512,11376,0.0005000000000000004,55.0925620000271,54.9450070000006
2019q3__trip_total,22,1024,21484,0.00037999999999993594,58.18640899997263,54.18607900000438
2019q3__trip_total,23,64,1708,0.009279999999999955,42.801798000255076,42.804899000003616
2019q3__trip_total,23,128,3064,0.0038399999999999546,35.87283500019112,35.87510700000962
2019q3__trip_total,23,256,5772,0.0022799999999999487,169.76159000023472,169.72543900000403
2019q3__trip_total,23,512,11376,0.0016399999999999748,39.34244800075248,39.34429699999953
2019q3__trip_total,23,1024,21484,4.0000000000040004e-05,39.33213900018018,39.33320299999821
2019q3__trip_total,24,64,1708,0.01968000000000003,49.57094099972892,49.55661799999689
2019q3__trip_total,24,128,3064,0.009139999999999926,42.31217899996409,42.314255999997386
2019q3__trip_total,24,256,5772,0.0025800000000000267,158.16045700012182,158.10679299998753
2019q3__trip_total,24,512,11376,0.0022600000000000398,35.46489299969835,35.46631300000058
2019q3__trip_total,24,1024,21484,0.0005399999999999849,32.33764499964309,32.32251900000449
2019q3__trip_total,25,64,1708,0.008615634163079422,161.96427299928473,161.90128299999174
2019q3__trip_total,25,128,3056,0.006628610643209187,32.57425699939631,32.57677999999942
2019q3__trip_total,25,256,5932,0.0018996818266892035,31.43642200029717,31.425755000000777
2019q3__trip_total,25,512,11256,0.0012123858839187263,159.45609800019156,159.41650499999582
2019q3__trip_total,25,1024,20932,0.00037161810884434043,35.01604699977179,35.006119000001945
2019q3__trip_miles,0,64,1708,0.01426000000000005,34.91249499984406,34.909898999998745
2019q3__trip_miles,0,128,3064,0.0024399999999999977,157.84735399938654,157.8203069999944
2019q3__trip_miles,0,256,5772,0.0023799999999999932,48.48541999945155,48.47570200000462
2019q3__trip_miles,0,512,11376,0.0010000000000000009,36.734551999870746,36.736514000011766
2019q3__trip_miles,0,1024,21484,0.00046000000000001595,160.60810900034994,160.57404199999326
2019q3__trip_miles,1,64,1708,0.01966000000000001,36.886728999888874,36.88514099999907
2019q3__trip_miles,1,128,3064,0.0029799999999999827,39.54430400062847,39.53315199998997
2019q3__trip_miles,1,256,5772,0.0014199999999999768,165.0774050003747,164.9986000000041
2019q3__trip_miles,1,512,11376,0.0007000000000000339,35.9647599998425,35.95547500000862
2019q3__trip_miles,1,1024,21484,0.0006599999999999939,32.796077999591944,32.7989620000011
2019q3__trip_miles,2,64,1708,0.010499999999999954,168.90519100070378,162.61446699999738
2019q3__trip_miles,2,128,3064,0.0047800000000000065,32.29532499972265,32.263176000000726
2019q3__trip_miles,2,256,5772,0.005600000000000049,45.46732300059375,41.326695000009295
2019q3__trip_miles,2,512,11376,0.0006599999999999939,172.45190300036484,171.66953099999205
2019q3__trip_miles,2,1024,21484,0.00018000000000001348,41.8484729998454,41.783765000005246
2019q3__trip_miles,3,64,1708,0.008700000000000041,160.64483899936022,160.50465999998664
2019q3__trip_miles,3,128,3064,0.0036999999999999256,35.519443999874056,35.50608000000466
2019q3__trip_miles,3,256,5772,0.0009000000000000119,50.72224399918923,50.62796699999694
2019q3__trip_miles,3,512,11376,0.0014399999999999968,163.17372000048636,162.85630899999148
2019q3__trip_miles,3,1024,21484,0.0005600000000000049,32.748701999480545,32.75097000000926
2019q3__trip_miles,4,64,1708,0.017220000000000013,34.06680799980677,34.064869999994585
2019q3__trip_miles,4,128,3064,0.00546000000000002,172.7283840000382,172.59640399998943
2019q3__trip_miles,4,256,5772,0.0020999999999999908,41.84269300003507,41.83142600000167
2019q3__trip_miles,4,512,11376,0.0010000000000000009,35.62626900020405,35.62765999998874
2019q3__trip_miles,4,1024,21484,0.00034000000000000696,176.06446199988568,176.02238700000328
2019q3__trip_miles,5,64,1708,0.013299999999999979,34.88479099996766,34.884089999991374
2019q3__trip_miles,5,128,3064,0.0048399999999999554,161.0470189998523,160.9317180000005
2019q3__trip_miles,5,256,5772,0.0031999999999999806,37.39909700016142,37.4017719999955
2019q3__trip_miles,5,512,11376,0.0006800000000000139,34.49505099979433,34.48424299999431
2019q3__trip_miles,5,1024,21484,0.0008200000000000429,166.06564300036553,165.95988800000328
2019q3__trip_miles,6,64,1708,0.008879999999999999,32.00905599987891,32.00705700000128
2019q3__trip_miles,6,128,3064,0.005840000000000067,39.50100600013684,39.49021200000402
2019q3__trip_miles,6,256,5772,0.0017399999999999638,163.34438100057014,163.3083130000017
2019q3__trip_miles,6,512,11376,0.0026599999999999957,33.74928500034002,33.75154399999758
2019q3__trip_miles,6,1024,21484,0.00036000000000002697,32.23865200016007,32.242162999992274
2019q3__trip_miles,7,64,1708,0.008340000000000014,171.33789699983026,171.3254600000056
2019q3__trip_miles,7,128,3064,0.003520000000000023,49.1778069999782,48.74835600000438
2019q3__trip_miles,7,256,5772,0.0011400000000000299,173.72616800003016,173.6356020000045
2019q3__trip_miles,7,512,11376,0.0005600000000000049,36.552446000314376,36.539794999995934
2019q3__trip_miles,7,1024,21484,0.0009200000000000319,33.22413699970639,33.22815900000364
2019q3__trip_miles,8,64,1708,0.008260000000000045,161.48630199950276,161.44668199999046
2019q3__trip_miles,8,128,3064,0.005879999999999996,33.336328000586946,33.316870999996695
2019q3__trip_miles,8,256,5772,0.0014000000000000679,33.214551999662945,33.21642100000588
2019q3__trip_miles,8,512,11376,0.0013799999999999368,159.41248800027097,159.36273500000198
2019q3__trip_miles,8,1024,21484,0.0008599999999999719,39.13308200026222,39.136140000010755
2019q3__trip_miles,9,64,1708,0.013360000000000039,33.8488370007326,33.845902999999566
2019q3__trip_miles,9,128,3064,0.0048400000000000665,162.50751999996282,162.46425200000658
2019q3__trip_miles,9,256,5772,0.0017399999999999638,50.83999499947822,50.00903299999493
2019q3__trip_miles,9,512,11376,0.001960000000000073,40.405746000033105,40.373483000010424
2019q3__trip_miles,9,1024,21484,0.00012000000000000899,160.26512300049944,160.2315900000093
2019q3__trip_miles,10,64,1708,0.011680000000000024,34.24114599965833,34.22587300001112
2019q3__trip_miles,10,128,3064,0.007079999999999975,37.35521599992353,37.301706999997464
2019q3__trip_miles,10,256,5772,0.0020799999999999708,160.8593219998511,160.8161970000026
2019q3__trip_miles,10,512,11376,0.0017599999999999838,31.762413999786077,31.765039999996247
2019q3__trip_miles,10,1024,21484,0.0009599999999999609,32.43487400050071,32.42229200000679
2019q3__trip_miles,11,64,1708,0.010419999999999985,174.738781999622,171.5703010000027
2019q3__trip_miles,11,128,3064,0.005199999999999982,33.356126000398945,33.34181399999636
2019q3__trip_miles,11,256,5772,0.0014999999999999458,41.834560000097554,41.774219999993534
2019q3__trip_miles,11,512,11376,0.0005399999999999849,171.31070699997508,171.0971910000012
2019q3__trip_miles,11,1024,21484,0.00040000000000006697,49.05993699958344,49.045181000010984
2019q3__trip_miles,12,64,1708,0.008700000000000041,158.69205400031205,158.64391099999864
2019q3__trip_miles,12,128,3064,0.0043999999999999595,32.43592600028933,32.43874700000049
2019q3__trip_miles,12,256,5772,0.0015199999999999658,30.759042000681802,30.76143300000922
2019q3__trip_miles,12,512,11376,0.001040000000000041,165.52291300013167,165.3826600000059
2019q3__trip_miles,12,1024,21484,5.999999999994898e-05,33.11784899960912,33.032617000003484
2019q3__trip_miles,13,64,1708,0.014519999999999977,32.781639000859286,32.77803999999662
2019q3__trip_miles,13,128,3064,0.0046800000000000175,161.7617700003393,161.7116290000098
2019q3__trip_miles,13,256,5772,0.0042999999999999705,51.49450699991576,51.48322200000166
2019q3__trip_miles,13,512,11376,0.0019000000000000128,43.1872379995184,43.18782800000065
2019q3__trip_miles,13,1024,21484,0.00038000000000004697,166.3726870001483,166.34138399999188
2019q3__trip_miles,14,64,1708,0.006920000000000037,48.61277300005895,48.61107900001116
2019q3__trip_miles,14,128,3064,0.0047800000000000065,178.38354899959086,178.29792199999872
2019q3__trip_miles,14,256,5772,0.0016000000000000458,43.32801300006395,43.235323000004655
2019q3__trip_miles,14,512,11376,0.0010000000000000009,37.590142999761156,37.533802000012884
2019q3__trip_miles,14,1024,21484,0.00043999999999999595,162.3839809999481,162.16401000001213
2019q3__trip_miles,15,64,1708,0.016939999999999955,31.701018999228836,31.68502900000192
2019q3__trip_miles,15,128,3064,0.005600000000000049,36.75976699923922,36.76320299999247
2019q3__trip_miles,15,256,5772,0.0012600000000000389,165.3269039998122,165.28570699999534
2019q3__trip_miles,15,512,11376,0.000260000000000038,33.844305999991775,33.84760000000142
2019q3__trip_miles,15,1024,21484,0.000500000000000056,36.749150999639824,36.7507790000019
2019q3__trip_miles,16,64,1708,0.012800000000000006,51.0193709997111,51.01533799999913
2019q3__trip_miles,16,128,3064,0.011299999999999977,33.74299200004316,33.745487999993884
2019q3__trip_miles,16,256,5772,0.0033400000000000096,162.87333400032367,162.86632699998904
2019q3__trip_miles,16,512,11376,0.0014600000000000168,35.775962000116124,35.75892700000338
2019q3__trip_miles,16,1024,21484,0.000500000000000056,33.20967699983157,33.186311999998
2019q3__trip_miles,17,64,1708,0.008580000000000032,165.77987299933739,165.59866599999395
2019q3__trip_miles,17,128,3064,0.0019399999999999418,29.652379999788536,29.65458799999965
2019q3__trip_miles,17,256,5772,0.0020200000000000218,32.59413100022357,32.572497000003864
2019q3__trip_miles,17,512,11376,0.00039999999999995595,169.98978899937356,169.94678000000363
2019q3__trip_miles,17,1024,21484,0.00034000000000000696,48.234973999569775,48.00404899999933
2019q3__trip_miles,18,64,1708,0.01200000000000001,173.408591000225,172.12581600000476
2019q3__trip_miles,18,128,3064,0.007539999999999991,49.09811200013792,48.184481999996365
2019q3__trip_miles,18,256,5772,0.003259999999999985,52.892710999913106,49.62991900001157
2019q3__trip_miles,18,512,11376,0.0021799999999999597,178.80568799955654,174.37384000000122
2019q3__trip_miles,18,1024,21484,0.0007400000000000184,54.952815000433475,49.689121000000114
2019q3__trip_miles,19,64,1708,0.008959999999999968,57.069912999395456,48.39783100000261
2019q3__trip_miles,19,128,3064,0.0029800000000000937,48.6281350003992,44.976804000000925
2019q3__trip_miles,19,256,5772,0.0025600000000000067,176.11755699999776,173.10109900000725
2019q3__trip_miles,19,512,11376,0.0011400000000000299,38.10552800041478,37.842865999991204
2019q3__trip_miles,19,1024,21484,0.0007000000000000339,175.3018069994141,173.47564099999602
2019q3__trip_miles,20,64,1708,0.020179999999999976,54.893931999686174,50.89918599999521
2019q3__trip_miles,20,128,3064,0.00985999999999998,182.16382900027384,180.1063549999924
2019q3__trip_miles,20,256,5772,0.0024399999999999977,58.33078999967256,57.692350000010606
2019q3__trip_miles,20,512,11376,0.0015399999999999858,173.24967800050217,171.19663700000842
2019q3__trip_miles,20,1024,21484,0.0008599999999999719,54.296299000270665,50.86711999999238
2019q3__trip_miles,21,64,1708,0.011900000000000022,176.6921580001508,176.34679200000392
2019q3__trip_miles,21,128,3064,0.0028000000000000247,47.67645500032813,46.78813999998965
2019q3__trip_miles,21,256,5772,0.0007800000000000029,179.0309759999218,172.78408900000386
2019q3__trip_miles,21,512,11376,0.0014000000000000679,57.018888000129664,50.37945200000138
2019q3__trip_miles,21,1024,21484,0.00027999999999994696,182.61240599986195,176.04350499999555
2019q3__trip_miles,22,64,1708,0.0042800000000000615,49.05869399954099,46.57589999999345
2019q3__trip_miles,22,128,3064,0.008140000000000008,176.26341100003629,172.7776489999968
2019q3__trip_miles,22,256,5772,0.0027399999999999647,50.187091999760014,46.99780800000042
2019q3__trip_miles,22,512,11376,0.0008000000000000229,50.27167399930477,48.589691000003654
2019q3__trip_miles,22,1024,21484,0.0007599999999999829,174.93621399989934,173.38495999999282
2019q3__trip_miles,23,64,1708,0.01754,178.42148299951077,174.7168770000087
2019q3__trip_miles,23,128,3064,0.0035399999999999876,57.30074499933835,51.88952000000313
2019q3__trip_miles,23,256,5772,0.0014600000000000168,177.65382200013846,175.2275089999955
2019q3__trip_miles,23,512,11376,0.0005199999999999649,47.99324299983709,47.51109599999381
2019q3__trip_miles,23,1024,21484,0.0007399999999999629,51.970761999655224,47.58268099999441
2019q3__trip_miles,24,64,1708,0.009680000000000022,52.63616899992485,49.67762699999412
2019q3__trip_miles,24,128,3064,0.0033199999999999896,49.40824900040752,48.7770710000035
2019q3__trip_miles,24,256,5772,0.0026999999999999247,175.2571180004452,174.82062099999496
2019q3__trip_miles,24,512,11376,0.0009000000000000119,50.903760000437615,50.61140799999464
2019q3__trip_miles,24,1024,21484,0.0009200000000000319,180.66171499958728,175.97786199999632
2019q3__trip_miles,25,64,1636,0.00900033211557616,54.46390900033293,50.23004199999548
2019q3__trip_miles,25,128,3072,0.0018806044503486552,178.55593500007672,176.06504799999811
2019q3__trip_miles,25,256,5772,0.0012163732979076913,47.49675800030673,47.19484000000307
2019q3__trip_miles,25,512,11528,0.0005861839920292544,174.70433599919488,173.22244899999362
2019q3__trip_miles,25,1024,21644,0.0005139488542013071,40.89379499964707,40.896972000012966
2019q3__trip_seconds,0,64,1708,0.010600000000000054,180.03459699957602,175.21446499999627
2019q3__trip_seconds,0,128,3064,0.0027599999999999986,52.02587500025402,49.694392999995785
2019q3__trip_seconds,0,256,5772,0.003159999999999996,186.25759099995776,172.94183900000348
2019q3__trip_seconds,0,512,11376,0.0015600000000000058,56.52713900053641,50.201752999996074
2019q3__trip_seconds,0,1024,21484,0.0007200000000000539,174.45916199994826,174.37390500001015
2019q3__trip_seconds,1,64,1708,0.009099999999999997,55.160476000310155,54.68394000000387
2019q3__trip_seconds,1,128,3064,0.007099999999999995,174.43658699994558,174.08188499999255
2019q3__trip_seconds,1,256,5772,0.0033399999999999958,51.03367799983971,51.01765599999908
2019q3__trip_seconds,1,512,11376,0.0011799999999999589,178.33354100002907,174.8494160000007
2019q3__trip_seconds,1,1024,21484,0.0010200000000000209,54.42579800001113,50.7063049999914
2019q3__trip_seconds,2,64,1708,0.011619999999999964,177.51822300033382,175.22937300000763
2019q3__trip_seconds,2,128,3064,0.007040000000000046,49.498235000100976,49.48596200000566
2019q3__trip_seconds,2,256,5772,0.0025800000000000267,176.25737500020477,176.1119859999951
2019q3__trip_seconds,2,512,11376,0.0009200000000000319,50.03776800003834,49.92408399999704
2019q3__trip_seconds,2,1024,21484,0.0005000000000000004,51.056213000265416,50.622692999994
2019q3__trip_seconds,3,64,1708,0.015859999999999985,51.0785800006488,51.06030599999656
2019q3__trip_seconds,3,128,3064,0.0026599999999999957,52.31660999925225,48.75946900000372
2019q3__trip_seconds,3,256,5772,0.0015000000000000013,175.40717199972278,174.6015789999973
2019q3__trip_seconds,3,512,11376,0.0007999999999999952,56.61647000033554,50.60181400000374
2019q3__trip_seconds,3,1024,21484,0.000520000000000076,178.47801100015204,174.7187529999934
2019q3__trip_seconds,4,64,1708,0.008000000000000007,52.47460900045553,50.827198000007456
2019q3__trip_seconds,4,128,3064,0.0041599999999999415,175.44696200002363,174.9741149999977
2019q3__trip_seconds,4,256,5772,0.0039000000000000146,50.810169000214955,50.40532000001008
2019q3__trip_seconds,4,512,11376,0.0011799999999999589,175.62445500061585,173.4020290000018
2019q3__trip_seconds,4,1024,21484,0.0005600000000000049,52.41285899955983,51.24939799999595
2019q3__trip_seconds,5,64,1708,0.010780000000000012,176.2927319996379,174.81334299999673
2019q3__trip_seconds,5,128,3064,0.005740000000000023,49.80557399994723,49.60959599999626
2019q3__trip_seconds,5,256,5772,0.0033800000000000496,175.21254099938233,174.2032279999961
2019q3__trip_seconds,5,512,11376,0.0014199999999999768,49.993862000519584,49.17638199999885
2019q3__trip_seconds,5,1024,21484,0.0007600000000000107,49.664858000141976,49.4700899999998
2019q3__trip_seconds,6,64,1708,0.014759999999999995,47.4305160005315,47.09146499999406
2019q3__trip_seconds,6,128,3064,0.005539999999999989,42.12581299998419,41.99329200000079
2019q3__trip_seconds,6,256,5772,0.0032599999999999296,164.51678300018102,164.4063180000046
2019q3__trip_seconds,6,512,11376,0.0008400000000000005,37.49011600029917,37.49254000000235
2019q3__trip_seconds,6,1024,21484,0.0009000000000000119,41.46742000011727,41.453466999996635
2019q3__trip_seconds,7,64,1708,0.010379999999999945,42.60205699938524,42.59930300000292
2019q3__trip_seconds,7,128,3064,0.007480000000000042,39.41641500023252,39.37335700000233
2019q3__trip_seconds,7,256,5772,0.0024200000000000887,169.12538999986282,168.979180000008
2019q3__trip_seconds,7,512,11376,0.0004999999999999449,47.462778000408434,47.42149599999834
2019q3__trip_seconds,7,1024,21484,0.0008400000000000629,49.63493000013841,49.02177000001018
2019q3__trip_seconds,8,64,1708,0.00761999999999996,41.437406999648374,41.41890100000012
2019q3__trip_seconds,8,128,3064,0.005220000000000002,39.501920000475366,39.503777999996714
2019q3__trip_seconds,8,256,5772,0.0028199999999999337,165.17493700030172,165.0084540000023
2019q3__trip_seconds,8,512,11376,0.000899999999999998,36.86980800011952,36.872916000007194
2019q3__trip_seconds,8,1024,21484,0.00045999999999999514,43.65291399972193,43.63596200001041
2019q3__trip_seconds,9,64,1708,0.007560000000000011,47.91314700014482,47.91074599999945
2019q3__trip_seconds,9,128,3064,0.0046000000000000485,49.45515899999009,49.13110500000073
2019q3__trip_seconds,9,256,5772,0.0025400000000000977,175.3366120001374,172.25450200000125
2019q3__trip_seconds,9,512,11376,0.0012400000000000189,48.56550000022253,48.45789499999853
2019q3__trip_seconds,9,1024,21484,0.0007199999999999984,174.4719759999498,174.0920980000027
2019q3__trip_seconds,10,64,1708,0.015459999999999974,52.580553000552754,52.305015999991156
2019q3__trip_seconds,10,128,3064,0.005920000000000036,176.83886499980872,176.06697099999735
2019q3__trip_seconds,10,256,5772,0.0012800000000000034,51.88306800027931,51.761100999996756
2019q3__trip_seconds,10,512,11376,0.0010000000000000009,174.816049000583,173.75364400000137
2019q3__trip_seconds,10,1024,21484,0.0011600000000000499,51.87457700048981,51.875623000000814
2019q3__trip_seconds,11,64,1708,0.011099999999999999,174.98781499944016,173.1378300000017
2019q3__trip_seconds,11,128,3064,0.0047599999999999865,52.00401399997645,51.27292999999611
2019q3__trip_seconds,11,256,5772,0.0040799999999999725,50.356669000393595,49.35267800000531
2019q3__trip_seconds,11,512,11376,0.0012599999999999972,177.7385060004235,175.89981399999033
2019q3__trip_seconds,11,1024,21484,0.00025999999999998247,58.6522759995205,49.187367000001814
2019q3__trip_seconds,12,64,1708,0.007499999999999951,35.70574800050963,35.477814000003605
2019q3__trip_seconds,12,128,3064,0.0048799999999999955,38.928331000533944,38.93039599999781
2019q3__trip_seconds,12,256,5772,0.0020599999999999508,164.64307099977304,164.42230100000188
2019q3__trip_seconds,12,512,11376,0.0010999999999999899,51.511644999663986,51.500188000005664
2019q3__trip_seconds,12,1024,21484,0.0006399999999999739,53.564832999654755,50.57840599999963
2019q3__trip_seconds,13,64,1708,0.0126,51.76419300005364,51.36810400000513
2019q3__trip_seconds,13,128,3064,0.0038799999999999946,176.47974499959673,175.7603390000071
2019q3__trip_seconds,13,256,5772,0.0026399999999999757,51.37669299983827,51.276858000008474
2019q3__trip_seconds,13,512,11376,0.0016399999999999956,52.262768000218784,51.790728000000286
2019q3__trip_seconds,13,1024,21484,0.0008399999999999519,174.45255600068776,173.46629600000085
2019q3__trip_seconds,14,64,1708,0.013620000000000076,50.54024600030971,49.83156599999461
2019q3__trip_seconds,14,128,3064,0.0029000000000000137,172.15031000068848,171.89600999999755
2019q3__trip_seconds,14,256,5772,0.0042799999999999505,50.16951000015979,48.92106900000215
2019q3__trip_seconds,14,512,11376,0.0010400000000000062,177.24688199996308,174.39828900000975
2019q3__trip_seconds,14,1024,21484,0.0007400000000000045,54.20990199945663,50.483881000005226
2019q3__trip_seconds,15,64,1708,0.008160000000000056,177.46855699988373,175.5411589999909
2019q3__trip_seconds,15,128,3064,0.0037800000000000056,51.910279000367154,50.41931099999886
2019q3__trip_seconds,15,256,5772,0.005340000000000011,174.09051899994665,172.81120900000246
2019q3__trip_seconds,15,512,11376,0.00015999999999993797,52.3725180000838,49.19443800000067
2019q3__trip_seconds,15,1024,21484,0.0007200000000000539,41.24733499975264,41.19300600000031
2019q3__trip_seconds,16,64,1708,0.01212000000000002,49.69304299993382,45.4944339999912
2019q3__trip_seconds,16,128,3064,0.0043999999999999595,181.46979300036037,173.1963870000044
2019q3__trip_seconds,16,256,5772,0.0021400000000000308,53.746802999739884,50.3426380000036
2019q3__trip_seconds,16,512,11376,0.0018599999999999728,52.15063600007852,48.825703999995085
2019q3__trip_seconds,16,1024,21484,0.00037999999999993594,179.95257600068726,175.36766599999964
2019q3__trip_seconds,17,64,1708,0.010599999999999998,173.89107399958448,170.9073950000004
2019q3__trip_seconds,17,128,3064,0.007720000000000005,43.58794899962959,42.573222000001465
2019q3__trip_seconds,17,256,5772,0.0012600000000000111,48.432206000143196,44.97461600000463
2019q3__trip_seconds,17,512,11376,0.0013999999999999985,172.81629599983717,172.20380800000612
2019q3__trip_seconds,17,1024,21484,0.0008599999999999997,52.85932199967647,46.05368800000065
2019q3__trip_seconds,18,64,1708,0.008419999999999983,176.04729600043356,173.62452000000417
2019q3__trip_seconds,18,128,3064,0.0039000000000000146,51.42653099937888,48.43982900000299
2019q3__trip_seconds,18,256,5772,0.0004999999999999449,176.64216899993335,173.90728799999522
2019q3__trip_seconds,18,512,11376,0.0007400000000000184,43.876212000213854,43.7260890000033
2019q3__trip_seconds,18,1024,21484,0.001040000000000041,48.322634999749425,47.21142399999678
2019q3__trip_seconds,19,64,1708,0.014680000000000026,47.513030000118306,47.5109880000133
2019q3__trip_seconds,19,128,3064,0.0040000000000000036,45.99541299921839,45.67286299999296
2019q3__trip_seconds,19,256,5772,0.0017200000000000548,170.30352700021467,169.9686939999907
2019q3__trip_seconds,19,512,11376,0.0006799999999999862,49.24425900026108,49.22976999999662
2019q3__trip_seconds,19,1024,21484,0.00038000000000000533,185.9131270002763,173.92097000001172
2019q3__trip_seconds,20,64,1708,0.010739999999999972,172.421282999494,171.19578199999808
2019q3__trip_seconds,20,128,3064,0.0026400000000000867,43.98442199999408,43.986994999997364
2019q3__trip_seconds,20,256,5772,0.0030199999999999116,43.75793600047473,43.760460000001444
2019q3__trip_seconds,20,512,11376,0.0014599999999999058,172.13050200007274,171.18997900000466
2019q3__trip_seconds,20,1024,21484,0.0002400000000000041,44.87288900054409,44.79421899999636
2019q3__trip_seconds,21,64,1708,0.006259999999999995,171.27815099956933,170.8254389999979
2019q3__trip_seconds,21,128,3064,0.0030200000000000227,44.38254100023187,44.38482600001237
2019q3__trip_seconds,21,256,5772,0.0026400000000000035,44.96486100015318,44.93524699999796
2019q3__trip_seconds,21,512,11376,0.0014399999999999968,181.88195299990184,177.33355599999356
2019q3__trip_seconds,21,1024,21484,0.00031999999999998696,51.85477099985292,48.68161999999643
2019q3__trip_seconds,22,64,1708,0.012700000000000003,49.58652099958272,47.424375000005625
2019q3__trip_seconds,22,128,3064,0.009359999999999999,58.72666599952936,49.47287999999617
2019q3__trip_seconds,22,256,5772,0.0032799999999999496,178.0999789998532,175.28526300000635
2019q3__trip_seconds,22,512,11376,0.0016000000000000458,48.712256000726484,47.48726500000089
2019q3__trip_seconds,22,1024,21484,0.000280000000000058,167.66913999981625,167.4192650000066
2019q3__trip_seconds,23,64,1708,0.007240000000000024,43.88347500025702,43.86742200000526
2019q3__trip_seconds,23,128,3064,0.0030000000000000027,172.13441300009436,169.4685829999969
2019q3__trip_seconds,23,256,5772,0.0030200000000000227,54.942773999755445,49.78230500000791
2019q3__trip_seconds,23,512,11376,0.0006199999999999539,52.716148999934376,48.74958799999263
2019q3__trip_seconds,23,1024,21484,0.00036000000000002697,179.52438599968445,176.69934799999965
2019q3__trip_seconds,24,64,1708,0.005320000000000005,173.10320799970214,170.33654900001238
2019q3__trip_seconds,24,128,3064,0.005600000000000049,43.739970000387984,43.16831099998808
2019q3__trip_seconds,24,256,5772,0.0015199999999999658,47.68949400022393,43.62953100002187
2019q3__trip_seconds,24,512,11376,0.0016599999999999948,175.46797200066067,173.21949399999426
2019q3__trip_seconds,24,1024,21484,0.00036000000000002697,43.11402300027112,42.60372499999221
2019q3__trip_seconds,25,64,1692,0.010341089150195937,173.56018600003154,171.7715420000161
2019q3__trip_seconds,25,128,3088,0.004510883162371804,46.72395899979165,46.24994099998503
2019q3__trip_seconds,25,256,5804,0.003102326745058788,47.12093200032541,46.62614000000076
2019q3__trip_seconds,25,512,11152,0.0014344091401884418,172.9183360002935,172.5510500000098
2019q3__trip_seconds,25,1024,22460,0.0005170544575097968,59.87191399981384,50.1826210000047
2019q4__trip_total,0,64,1708,0.006000000000000005,49.6550269999716,49.306424000008064
2019q4__trip_total,0,128,3064,0.00992000000000004,43.49055399961799,43.17485699999679
2019q4__trip_total,0,256,5772,0.0047800000000000065,163.7758409997332,163.55228300000135
2019q4__trip_total,0,512,11376,0.0018599999999999728,33.84052800083737,33.831324999994195
2019q4__trip_total,0,1024,21484,0.00031999999999998696,37.159831000280974,37.162397999992436
2019q4__trip_total,1,64,1708,0.021700000000000053,58.60224600019137,51.60449600001016
2019q4__trip_total,1,128,3064,0.005580000000000029,41.71070099982899,41.68091799999729
2019q4__trip_total,1,256,5772,0.0027399999999999647,175.07406099957734,175.02698699999542
2019q4__trip_total,1,512,11376,0.002340000000000002,40.41361899999174,40.41632199999867
2019q4__trip_total,1,1024,21484,0.0010000000000000009,37.562747999800195,37.564527999990105
2019q4__trip_total,2,64,1708,0.010360000000000036,50.18386100073258,48.78950299999474
2019q4__trip_total,2,128,3064,0.010359999999999925,160.32690700012608,160.18812600000842
2019q4__trip_total,2,256,5772,0.0036599999999999966,46.57980400043016,46.56606599999691
2019q4__trip_total,2,512,11376,0.0015199999999999658,50.539380999907735,50.502312999981314
2019q4__trip_total,2,1024,21484,0.000280000000000058,175.3256189995227,175.29483200002005
2019q4__trip_total,3,64,1708,0.006979999999999986,55.9397369997896,50.46962700001245
2019q4__trip_total,3,128,3064,0.007259999999999933,174.98905600041326,172.08928299999116
2019q4__trip_total,3,256,5772,0.0025000000000000577,42.80880999976944,40.89003200002139
2019q4__trip_total,3,512,11376,0.0008000000000000229,171.42564599998877,168.27490999997963
2019q4__trip_total,3,1024,21484,0.0007000000000000339,32.57616400060215,32.5625129999878
2019q4__trip_total,4,64,1708,0.007340000000000013,30.9826789998624,30.9649479999905
2019q4__trip_total,4,128,3064,0.011319999999999998,160.26614499969583,160.21775599998023
2019q4__trip_total,4,256,5772,0.0024999999999999467,35.93746499973349,35.9273630000132
2019q4__trip_total,4,512,11376,0.0006599999999999939,32.30969900050695,32.3129530000017
2019q4__trip_total,4,1024,21484,0.00036000000000002697,33.41343800002505,33.41485500001795
2019q4__trip_total,5,64,1708,0.0061600000000000005,50.18811599984474,50.16806599999768
2019q4__trip_total,5,128,3064,0.008180000000000076,46.49369599974307,46.49551700001098
2019q4__trip_total,5,256,5772,0.0039799999999999836,161.21821399974579,161.15791600000762
2019q4__trip_total,5,512,11376,0.0014399999999999968,46.59233599977597,46.53559600001245
2019q4__trip_total,5,1024,21484,0.0009599999999999609,49.511422000250604,49.26030100000389
2019q4__trip_total,6,64,1708,0.012220000000000009,63.46480599950155,48.90840900000626
2019q4__trip_total,6,128,3064,0.0040799999999999725,185.18046100052743,174.8863100000051
2019q4__trip_total,6,256,5772,0.0027999999999999137,34.27360000023327,34.27664700001287
2019q4__trip_total,6,512,11376,0.001040000000000041,35.76652799984004,35.770960999997214
2019q4__trip_total,6,1024,21484,7.999999999996898e-05,167.76812300031452,167.3129430000131
2019q4__trip_total,7,64,1708,0.018819999999999948,38.688726000145834,38.6855429999855
2019q4__trip_total,7,128,3064,0.0039799999999999836,35.472133999974176,35.431051999978536
2019q4__trip_total,7,256,5772,0.0033000000000000806,165.16697199949704,165.06823399998893
2019q4__trip_total,7,512,11376,0.0005600000000000049,38.17545099991548,38.165217999988954
2019q4__trip_total,7,1024,21484,0.000500000000000056,47.29523100013466,47.17878200000314
2019q4__trip_total,8,64,1708,0.006800000000000028,40.16004900040571,40.14471600001457
2019q4__trip_total,8,128,3064,0.008700000000000041,34.71991600054025,34.70602299998404
2019q4__trip_total,8,256,5772,0.0026599999999999957,163.80314300022292,163.75241099999016
2019q4__trip_total,8,512,11376,0.0019200000000000328,32.65796899995621,32.662790000017594
2019q4__trip_total,8,1024,21484,0.00041999999999997595,32.91979700043157,32.91086100000484
2019q4__trip_total,9,64,1708,0.011480000000000046,172.07355700065818,171.8642769999974
2019q4__trip_total,9,128,3064,0.0008399999999999519,44.04361799970502,43.93152100001885
2019q4__trip_total,9,256,5772,0.0018200000000000438,33.95709899996291,33.83280399998512
2019q4__trip_total,9,512,11376,0.0008399999999999519,161.36911000012333,161.26896900001952
2019q4__trip_total,9,1024,21484,0.00046000000000001595,37.86476499954006,37.84780899999873
2019q4__trip_total,10,64,1708,0.016839999999999966,162.94217099948582,162.75498999999627
2019q4__trip_total,10,128,3064,0.0033600000000000296,29.445260999636957,29.448312999988957
2019q4__trip_total,10,256,5772,0.0035399999999999876,31.008465999548207,30.997665000001007
2019q4__trip_total,10,512,11376,0.001060000000000061,35.2813959998457,34.49541300000192
2019q4__trip_total,10,1024,21484,0.0007199999999999429,163.67248499955167,162.5851410000223
2019q4__trip_total,11,64,1708,0.010059999999999958,31.534757000372338,31.486325000003035
2019q4__trip_total,11,128,3064,0.0032200000000000006,42.34703699967213,39.82509400000822
2019q4__trip_total,11,256,5772,0.0036199999999999566,177.3322189992541,169.1292459999829
2019q4__trip_total,11,512,11376,0.0007399999999999629,34.14140499990026,32.82989999999586
2019q4__trip_total,11,1024,21484,0.0,37.22197899969615,36.91639799998825
2019q4__trip_total,12,64,1708,0.011440000000000006,33.86217299976124,33.831458999998176
2019q4__trip_total,12,128,3064,0.004680000000000004,38.53496299961989,38.04238199998622
2019q4__trip_total,12,256,5772,0.0009200000000000319,170.5915989996356,169.66174899999942
2019q4__trip_total,12,512,11376,0.0010599999999999499,34.50896800040937,34.49341399999639
2019q4__trip_total,12,1024,21484,0.0006599999999999939,33.480285000223375,33.46530400000347
2019q4__trip_total,13,64,1708,0.007460000000000022,182.58372000036616,177.02859800002102
2019q4__trip_total,13,128,3064,0.0032200000000000006,46.61953300001187,46.37674500000344
2019q4__trip_total,13,256,5772,0.0020200000000000218,174.2077970002356,173.96208699997828
2019q4__trip_total,13,512,11376,0.000500000000000056,48.85758899945358,48.85979200000179
2019q4__trip_total,13,1024,21484,0.00029999999999996696,175.82884400053445,175.52416499998458
2019q4__trip_total,14,64,1708,0.0092,51.43067000062729,50.375994000006585
2019q4__trip_total,14,128,3064,0.0038600000000000856,175.51359299977776,173.95062599999278
2019q4__trip_total,14,256,5772,0.0014399999999999968,48.90889699981926,48.174843999987615
2019q4__trip_total,14,512,11376,0.0012599999999999278,41.88937399976567,41.677711999994926
2019q4__trip_total,14,1024,21484,0.0010200000000000209,177.3828119994505,175.78646599997683
2019q4__trip_total,15,64,1708,0.009780000000000011,48.777057999359386,48.664954000003036
2019q4__trip_total,15,128,3064,0.0036000000000000476,174.523204000252,174.01315700001874
2019q4__trip_total,15,256,5772,0.0032999999999999696,48.74850800024433,48.49279999999112
2019q4__trip_total,15,512,11376,0.0020400000000000418,174.7370379998756,173.97066700002028
2019q4__trip_total,15,1024,21484,0.00024000000000001798,51.54177199983678,51.249672000011515
2019q4__trip_total,16,64,1708,0.006339999999999998,180.74092599999858,51.2329109999996
2019q4__trip_total,16,128,3064,0.006820000000000048,52.277132000199344,48.70312399998511
2019q4__trip_total,16,256,5772,0.0020999999999999908,172.3996349992376,170.91142900000023
2019q4__trip_total,16,512,11376,0.0018799999999999928,51.50777200015,49.01851600001805
2019q4__trip_total,16,1024,21484,0.000500000000000056,47.07505899932585,46.09184800000321
2019q4__trip_total,17,64,1708,0.01978000000000002,52.15294199933851,50.3056979999883
2019q4__trip_total,17,128,3064,0.0032799999999999496,175.21654699976352,174.2318199999886
2019q4__trip_total,17,256,5772,0.0032200000000000006,52.344271000038134,51.13839999998504
2019q4__trip_total,17,512,11376,0.00029999999999996696,55.117827999310975,53.379293999995525
2019q4__trip_total,17,1024,21484,0.0005600000000000049,181.1110530006772,179.44204299999456
2019q4__trip_total,18,64,1708,0.008020000000000027,196.29357000030723,180.85145899999588
2019q4__trip_total,18,128,3064,0.0022000000000000908,51.46935500033578,51.47093200000086
2019q4__trip_total,18,256,5772,0.002939999999999998,173.93187200013926,173.8530570000023
2019q4__trip_total,18,512,11376,0.0005600000000000049,48.842277000403556,48.62626799999248
2019q4__trip_total,18,1024,21484,0.00015999999999993797,50.60067100021115,49.87878899999032
2019q4__trip_total,19,64,1708,0.012199999999999989,50.2910699997301,49.47234399998024
2019q4__trip_total,19,128,3064,0.0046400000000000885,49.71759800082509,48.67216499999927
2019q4__trip_total,19,256,5772,0.0011599999999999389,175.90721599935932,175.84223899999074
2019q4__trip_total,19,512,11376,0.0008799999999999919,50.9342489995106,48.49619200001598
2019q4__trip_total,19,1024,21484,0.000300000000000078,175.39367599965772,172.49735400000077
2019q4__trip_total,20,64,1708,0.01618,50.506753000263416,49.31180600001994
2019q4__trip_total,20,128,3064,0.0036800000000000166,177.04597300053138,175.95877899998413
2019q4__trip_total,20,256,5772,0.0020999999999999908,52.34785999982705,50.66615900000215
2019q4__trip_total,20,512,11376,0.0007399999999999629,175.53324200071074,174.36547100001576
2019q4__trip_total,20,1024,21484,0.000160000000000049,49.834388999443036,49.555066000010584
2019q4__trip_total,21,64,1708,0.010600000000000005,174.3564279995553,173.82774300000392
2019q4__trip_total,21,128,3064,0.0024800000000000377,51.724662000196986,51.110337999972444
2019q4__trip_total,21,256,5772,0.0032999999999999696,175.51922200073022,175.1685959999918
2019q4__trip_total,21,512,11376,0.0007800000000000029,49.00548300065566,48.77263299999868
2019q4__trip_total,21,1024,21484,0.0005800000000000249,49.53267299970321,49.17240200001061
2019q4__trip_total,22,64,1708,0.011680000000000024,49.57578300036403,49.01863200001344
2019q4__trip_total,22,128,3064,0.0040600000000000636,49.54596999959904,49.14269700000773
2019q4__trip_total,22,256,5772,0.0008599999999999719,173.6878080000679,173.2601289999991
2019q4__trip_total,22,512,11376,0.0017800000000000038,50.86687799939682,50.15569799999753
2019q4__trip_total,22,1024,21484,0.0,181.15961400053493,54.364835999990646
2019q4__trip_total,23,64,1708,0.01534000000000002,54.251570999440446,52.673945000009326
2019q4__trip_total,23,128,3064,0.0026999999999999247,176.84596199978841,176.24246399998356
2019q4__trip_total,23,256,5772,0.0018599999999999728,61.07053499999893,52.05094600000848
2019q4__trip_total,23,512,11376,0.0013400000000000079,201.1936959997911,175.6245379999939
2019q4__trip_total,23,1024,21484,0.0005800000000000249,60.04374300027848,51.631987000007484
2019q4__trip_total,24,64,1708,0.011739999999999973,59.19768599960662,49.24443300001258
2019q4__trip_total,24,128,3064,0.0033800000000000496,179.6549419996154,176.4149189999955
2019q4__trip_total,24,256,5772,0.0034199999999999786,58.499290000327164,52.559959000006984
2019q4__trip_total,24,512,11376,0.0009799999999999809,180.4180320004889,176.10610500000234
2019q4__trip_total,24,1024,21484,0.00019999999999997797,56.88764399928914,52.75317999999629
2019q4__trip_total,25,64,1708,0.00875999999999999,182.84870499974204,176.43872699997587
2019q4__trip_total,25,128,3064,0.006140000000000034,50.610215999768116,50.290734000014936
2019q4__trip_total,25,256,5772,0.0043199999999999905,177.83750200032955,175.44836400000463
2019q4__trip_total,25,512,11376,0.0018600000000000838,54.868410999915795,50.927625999975135
2019q4__trip_total,25,1024,21484,2.0000000000020002e-05,189.7865439996167,178.4465450000141
2019q4__trip_total,26,64,1708,0.006820000000000048,55.46951100041042,51.11632199998439
2019q4__trip_total,26,128,3064,0.0038000000000000256,185.73134899997967,178.22729799999593
2019q4__trip_total,26,256,5772,0.0026599999999999957,59.93469199984247,50.047073000001774
2019q4__trip_total,26,512,11376,0.0018799999999999928,182.15148099989165,175.98948299999506
2019q4__trip_total,26,1024,21484,0.000140000000000029,56.73311800001102,50.1528389999919
2019q4__trip_total,27,64,1708,0.01770000000000005,58.39408299925708,50.10371700001315
2019q4__trip_total,27,128,3064,0.0033199999999999896,57.846845999847574,48.77299999998286
2019q4__trip_total,27,256,5772,0.0041799999999999615,178.74349700014136,176.18871700000227
2019q4__trip_total,27,512,11376,0.0005199999999999649,52.737462000550295,50.937629000003426
2019q4__trip_total,27,1024,21484,0.0008000000000000229,178.61591000018961,175.89651299999787
2019q4__trip_total,28,64,1708,0.008480000000000043,183.55002700081968,49.17599799998129
2019q4__trip_total,28,128,3064,0.008560000000000012,56.5916349996769,47.81279899998481
2019q4__trip_total,28,256,5772,0.0016199999999999548,53.85828100043,48.13464000000067
2019q4__trip_total,28,512,11376,0.0019599999999999618,180.92984699978842,177.6098629999865
2019q4__trip_total,28,1024,21484,0.000500000000000056,61.633592000362114,48.881722999993826
2019q4__trip_total,29,64,1708,0.006440000000000001,65.65968799986877,50.440205000001015
2019q4__trip_total,29,128,3064,0.0027199999999999447,186.62861200027692,176.17898100002094
2019q4__trip_total,29,256,5772,0.0024199999999999777,55.27909400007047,49.09217600001625
2019q4__trip_total,29,512,11376,0.0015999999999999348,189.78397799946833,173.2279500000118
2019q4__trip_total,29,1024,21484,0.0005199999999999649,58.02143199980492,49.4811190000064
2019q4__trip_total,30,64,1708,0.024939999999999962,65.55786199987779,53.082942000003186
2019q4__trip_total,30,128,3064,0.0037599999999999995,201.61909800026478,177.293786000007
2019q4__trip_total,30,256,5772,0.0046400000000000885,73.45285500014143,50.477714999999534
2019q4__trip_total,30,512,11376,0.0011400000000000299,185.946481999963,176.5153220000002
2019q4__trip_total,30,1024,21484,0.0009400000000000519,63.89963999936299,51.13951000001293
2019q4__trip_total,31,64,1708,0.013340000000000005,59.98532699959469,50.12465999999449
2019q4__trip_total,31,128,3064,0.0021599999999999953,186.44441800006462,173.69347299998594
2019q4__trip_total,31,256,5772,0.0017199999999999438,61.55368899999303,49.37949300000355
2019q4__trip_total,31,512,11376,0.0009400000000000519,185.48717200064857,175.02216700000872
2019q4__trip_total,31,1024,21484,0.0007399999999999629,62.608201000330155,49.846859000012955
2019q4__trip_total,32,64,1708,0.00649999999999995,61.69721900005243,49.490805999994336
2019q4__trip_total,32,128,3064,0.0047400000000000775,208.98480600044422,176.06857799998465
2019q4__trip_total,32,256,5772,0.0015199999999999658,62.907878999794775,50.64814299998943
2019q4__trip_total,32,512,11376,0.0009400000000000519,186.24442599957547,175.30302200000847
2019q4__trip_total,32,1024,21484,0.0009400000000000519,64.12546899991867,50.54801100001782
2019q4__trip_total,33,64,1708,0.012660000000000005,62.3606919998565,49.896437000001015
2019q4__trip_total,33,128,3064,0.007000000000000006,193.75423499968747,174.3123500000081
2019q4__trip_total,33,256,5772,0.0013199999999999878,66.36008300029062,52.02997000000664
2019q4__trip_total,33,512,11376,0.0012199999999999989,198.12331499997526,176.63349500000436
2019q4__trip_total,33,1024,21484,0.00034000000000000696,83.96794399959617,54.32739200000469
2019q4__trip_total,34,64,1708,0.0152199999999999,56.32925299960334,52.79264799997918
2019q4__trip_total,34,128,3064,0.0017999999999999128,185.8189240001593,175.88576800000055
2019q4__trip_total,34,256,5772,0.0015600000000000058,59.993587999997544,50.36480399999732
2019q4__trip_total,34,512,11376,0.0018599999999999728,188.56954599959863,176.92363599999794
2019q4__trip_total,34,1024,21484,0.0005600000000000049,60.258303999944474,55.07442399999718
2019q4__trip_total,35,64,1708,0.012199999999999989,69.87750799999048,55.55113299999448
2019q4__trip_total,35,128,3064,0.0036199999999999566,185.7523789994957,176.9862010000054
2019q4__trip_total,35,256,5772,0.0026399999999999757,55.12666100003116,50.272315000000845
2019q4__trip_total,35,512,11376,0.0011200000000000099,180.29199100055848,175.8457789999852
2019q4__trip_total,35,1024,21484,0.000500000000000056,52.205713000148535,50.79125500000714
2019q4__trip_total,36,64,1708,0.0131,184.388325999862,176.97560400000611
2019q4__trip_total,36,128,3064,0.0037199999999999456,51.622814000438666,49.320516999983965
2019q4__trip_total,36,256,5772,0.0027599999999999847,177.50851600067108,49.2196030000116
2019q4__trip_total,36,512,11376,0.0010200000000000209,50.86095899969223,49.02459499999168
2019q4__trip_total,36,1024,21484,0.0006199999999999539,49.473011000372935,48.98155600000109
2019q4__trip_total,37,64,1708,0.010120000000000018,53.05903499993292,52.60098900001253
2019q4__trip_total,37,128,3064,0.0042600000000000415,51.46222300027148,50.262281999977176
2019q4__trip_total,37,256,5772,0.0031999999999999806,178.73391100056324,174.84135999998784
2019q4__trip_total,37,512,11376,0.001040000000000041,53.732385000330396,50.611172000003535
2019q4__trip_total,37,1024,21484,0.001040000000000041,177.57117100063624,177.03050800000142
2019q4__trip_total,38,64,1708,0.011880000000000002,186.34862399994745,175.96507300001463
2019q4__trip_total,38,128,3064,0.0045200000000000795,58.38640999991185,49.80681199998571
2019q4__trip_total,38,256,5772,0.0026800000000000157,57.29415899986634,51.36995999998817
2019q4__trip_total,38,512,11376,0.0004999999999999449,178.36794300001202,176.37303800000836
2019q4__trip_total,38,1024,21484,0.0007200000000000539,58.98234500000399,53.324184000018704
2019q4__trip_total,39,64,1708,0.01686,51.17529099970852,49.20342799999844
2019q4__trip_total,39,128,3064,0.009739999999999971,179.9367940002412,174.02171999998473
2019q4__trip_total,39,256,5772,0.0035399999999999876,50.66932799945789,49.60988299998803
2019q4__trip_total,39,512,11376,0.0019400000000000528,48.52737100009108,47.77679000000035
2019q4__trip_total,39,1024,21484,0.00029999999999996696,175.26743400048872,49.919676999991225
2019q4__trip_miles,0,64,1708,0.012799999999999978,175.6386939996446,174.07927400000744
2019q4__trip_miles,0,128,3064,0.0042600000000000415,50.64428500008944,49.473591999998234
2019q4__trip_miles,0,256,5772,0.0009799999999999809,47.784221000256366,47.19419699998184
2019q4__trip_miles,0,512,11376,0.0007599999999999829,176.94370800018078,172.6286450000032
2019q4__trip_miles,0,1024,21484,0.0006400000000000849,48.66167799991672,48.5877030000097
2019q4__trip_miles,1,64,1708,0.008099999999999996,173.3682639996914,172.28674699998692
2019q4__trip_miles,1,128,3064,0.003920000000000035,47.728085999551695,47.13999300000182
2019q4__trip_miles,1,256,5772,0.0035399999999999876,174.86228500001744,173.1083319999982
2019q4__trip_miles,1,512,11376,0.0006799999999999862,51.162984000256984,51.1021620000065
2019q4__trip_miles,1,1024,21484,0.00021999999999999797,51.36415300057706,48.22096300000567
2019q4__trip_miles,2,64,1708,0.010000000000000009,54.46923099952983,52.24174999997899
2019q4__trip_miles,2,128,3064,0.005240000000000022,182.47910699938075,176.70928299997968
2019q4__trip_miles,2,256,5772,0.0021200000000000108,53.58431599961477,48.88628700001618
2019q4__trip_miles,2,512,11376,0.0009799999999999809,53.847568000492174,48.84325099999387
2019q4__trip_miles,2,1024,21484,0.0008200000000000429,175.43307300002198,174.0301709999983
2019q4__trip_miles,3,64,1708,0.00867999999999991,178.40898200029187,174.82158500001788
2019q4__trip_miles,3,128,3064,0.0029799999999999827,52.206524000212085,49.70126000000619
2019q4__trip_miles,3,256,5772,0.0032999999999999696,47.90909799976362,47.86914499999284
2019q4__trip_miles,3,512,11376,0.0006400000000000849,174.6745700002066,174.6256849999952
2019q4__trip_miles,3,1024,21484,0.0005399999999999849,52.53684499984956,52.49778200001742
2019q4__trip_miles,4,64,1708,0.010440000000000005,176.31324400008452,175.7041380000146
2019q4__trip_miles,4,128,3064,0.008099999999999996,51.90426100034529,49.487252999995235
2019q4__trip_miles,4,256,5772,0.0011400000000000299,176.3990499994179,175.45312500001842
2019q4__trip_miles,4,512,11376,0.0014399999999999968,51.829547000124876,50.581203000007235
2019q4__trip_miles,4,1024,21484,0.0009200000000000319,49.96825699981855,174.18728600000577
2019q4__trip_miles,5,64,1708,0.006759999999999988,52.013337000062165,51.67168099998776
2019q4__trip_miles,5,128,3064,0.0031799999999999606,175.76612099946942,175.44627699999182
2019q4__trip_miles,5,256,5772,0.0013999999999999568,52.95600000044942,52.61368300000413
2019q4__trip_miles,5,512,11376,0.0019799999999999818,50.49280599996564,50.19001299999104
2019q4__trip_miles,5,1024,21484,0.000500000000000056,178.10049099989556,174.69508900001074
2019q4__trip_miles,6,64,1708,0.008399999999999963,176.87978700087115,174.95440100000792
2019q4__trip_miles,6,128,3064,0.005979999999999985,51.362573000005796,50.541592000001856
2019q4__trip_miles,6,256,5772,0.0005800000000000249,51.551849999668775,51.17392500000051
2019q4__trip_miles,6,512,11376,0.0020799999999999708,176.16407599962258,174.3593520000104
2019q4__trip_miles,6,1024,21484,3.999999999992898e-05,48.44009800035565,48.0921340000009
2019q4__trip_miles,7,64,1708,0.010299999999999976,51.61183100062772,49.54175099999247
2019q4__trip_miles,7,128,3064,0.006739999999999968,50.315391999902204,48.311375999986694
2019q4__trip_miles,7,256,5772,0.0037800000000000056,177.86570199950802,173.4219600000131
2019q4__trip_miles,7,512,11376,0.0012199999999999989,50.955228000020725,48.430153999987624
2019q4__trip_miles,7,1024,21484,0.000180000000000069,181.23170499984553,173.32910299998616
2019q4__trip_miles,8,64,1708,0.007340000000000013,51.04639499950281,48.758961999993744
2019q4__trip_miles,8,128,3064,0.004599999999999993,174.2736470005184,173.53955100000462
2019q4__trip_miles,8,256,5772,0.0031400000000000317,49.67561299963563,48.94026700000609
2019q4__trip_miles,8,512,11376,0.000500000000000056,48.97471499953099,47.87207499998658
2019q4__trip_miles,8,1024,21484,0.00041999999999997595,173.66126900014933,173.15317000000618
2019q4__trip_miles,9,64,1708,0.007720000000000005,180.98667600042972,175.90042399999106
2019q4__trip_miles,9,128,3064,0.0039599999999999635,50.25531699993735,49.550915999986955
2019q4__trip_miles,9,256,5772,0.0042200000000000015,51.5766700000313,50.22741199999814
2019q4__trip_miles,9,512,11376,0.00021999999999999797,177.7038559994253,175.75526499999228
2019q4__trip_miles,9,1024,21484,0.00034000000000000696,52.22116200002347,49.89258200001245
2019q4__trip_miles,10,64,1708,0.005580000000000029,50.14313699939521,49.1191170000036
2019q4__trip_miles,10,128,3064,0.005879999999999996,51.89230799987854,50.141389000003755
2019q4__trip_miles,10,256,5772,0.0032800000000000606,175.67945900009363,174.05850399998712
2019q4__trip_miles,10,512,11376,0.0014800000000000368,50.82763799964596,49.23874400000727
2019q4__trip_miles,10,1024,21484,0.00029999999999996696,177.25980399973196,174.70168500000227
2019q4__trip_miles,11,64,1708,0.010759999999999992,51.02289800015569,49.63628800001629
2019q4__trip_miles,11,128,3064,0.0036200000000000676,179.14684700008365,175.55969099998947
2019q4__trip_miles,11,256,5772,0.002599999999999991,50.43884499991691,49.10685999999487
2019q4__trip_miles,11,512,11376,0.0019399999999999418,180.98892299985891,176.08022799998935
2019q4__trip_miles,11,1024,21484,0.00027999999999994696,52.67539299984492,50.90203900002166
2019q4__trip_miles,12,64,1708,0.007040000000000046,182.97778099986317,176.65385199998695
2019q4__trip_miles,12,128,3064,0.0040600000000000636,49.66413400052261,49.59204700000441
2019q4__trip_miles,12,256,5772,0.0012199999999999989,179.15736200029642,177.2464899999875
2019q4__trip_miles,12,512,11376,0.0006800000000000139,49.80395500024315,49.475840000013704
2019q4__trip_miles,12,1024,21484,0.0006200000000000094,175.6204789999174,174.3453020000061
2019q4__trip_miles,13,64,1708,0.00541999999999998,49.86916100006056,49.657854000003
2019q4__trip_miles,13,128,3064,0.0042200000000000015,178.16782099998818,176.41071200000624
2019q4__trip_miles,13,256,5772,0.0022400000000000198,50.52168600013829,49.919696000017666
2019q4__trip_miles,13,512,11376,0.0012600000000000389,51.194415999816556,50.73793300002194
2019q4__trip_miles,13,1024,21484,0.00029999999999996696,175.4911420002827,174.84450500001003
2019q4__trip_miles,14,64,1708,0.007879999999999998,180.9353859998737,176.5046419999976
2019q4__trip_miles,14,128,3064,0.0023599999999999177,49.91439400055242,48.67553899998711
2019q4__trip_miles,14,256,5772,0.005120000000000013,50.590863000252284,50.05234200001496
2019q4__trip_miles,14,512,11376,0.0010799999999999699,178.05424699963623,176.60106900001438
2019q4__trip_miles,14,1024,21484,0.0008000000000000229,52.788553000027605,51.50079300000243
2019q4__trip_miles,15,64,1708,0.010860000000000092,55.71820899967861,50.18387600000551
2019q4__trip_miles,15,128,3064,0.007079999999999975,51.84373500014772,48.118057000010594
2019q4__trip_miles,15,256,5772,0.0021200000000000108,179.38475600021775,171.9439939999745
2019q4__trip_miles,15,512,11376,0.0006399999999999739,53.73690299984446,48.82841900001722
2019q4__trip_miles,15,1024,21484,0.0006399999999999739,180.5121159995906,174.7828709999908
2019q4__trip_miles,16,64,1708,0.013759999999999994,52.69331199997396,48.4389209999847
2019q4__trip_miles,16,128,3064,0.00766,177.19912100073998,173.0551450000064
2019q4__trip_miles,16,256,5772,0.0045399999999999885,54.080083000371815,47.12859500000377
2019q4__trip_miles,16,512,11376,0.0015199999999999658,176.8482210000002,174.9123710000049
2019q4__trip_miles,16,1024,21484,0.00048000000000003595,53.50509899926692,50.321045000004005
2019q4__trip_miles,17,64,1708,0.007500000000000007,175.82597399996303,173.3295690000034
2019q4__trip_miles,17,128,3064,0.0029400000000000537,50.67618199973367,50.667013000008865
2019q4__trip_miles,17,256,5772,0.0030400000000000427,176.3892009994379,175.52193000000216
2019q4__trip_miles,17,512,11376,0.000520000000000076,55.29173400009313,53.1177310000146
2019q4__trip_miles,17,1024,21484,0.0006000000000000449,196.56209900040267,179.0679570000009
2019q4__trip_miles,18,64,1708,0.009780000000000011,203.02270100000896,175.42444000000046
2019q4__trip_miles,18,128,3064,0.006360000000000032,55.27364900081011,51.52995700001384
2019q4__trip_miles,18,256,5772,0.0033199999999999896,194.77797499985172,54.753562999991345
2019q4__trip_miles,18,512,11376,0.0018400000000000083,57.41054400004941,48.86478099999181
2019q4__trip_miles,18,1024,21484,0.000140000000000029,215.6581389999701,50.32272600001875
2019q4__trip_miles,19,64,1708,0.012900000000000023,200.94674899974052,176.05716899998924
2019q4__trip_miles,19,128,3064,0.006780000000000008,193.92877300015243,174.39991800000598
2019q4__trip_miles,19,256,5772,0.0017000000000000348,58.70770599995012,51.54334700000618
2019q4__trip_miles,19,512,11376,0.0015199999999999658,53.850944000259915,48.28115000000821
2019q4__trip_miles,19,1024,21484,0.00036000000000002697,174.52705200048513,168.62241300000846
2019q4__trip_miles,20,64,1708,0.00981999999999994,45.229081999423215,43.15376400001014
2019q4__trip_miles,20,128,3064,0.0032400000000000206,170.07020599976386,169.22282999999538
2019q4__trip_miles,20,256,5772,0.0007000000000000339,43.68926000006468,43.443464000006315
2019q4__trip_miles,20,512,11376,0.000520000000000076,169.08733200034476,169.03677500002345
2019q4__trip_miles,20,1024,21484,0.00041999999999997595,43.51922800015018,43.52472399997964
2019q4__trip_miles,21,64,1708,0.008519999999999972,46.08570700020209,46.08254999999417
2019q4__trip_miles,21,128,3064,0.006299999999999972,170.453359000021,170.04608899998175
2019q4__trip_miles,21,256,5772,0.0017400000000000748,44.91732200040133,44.87775100000135
2019q4__trip_miles,21,512,11376,0.0009399999999999409,172.5544330001867,171.62764500000094
2019q4__trip_miles,21,1024,21484,0.00015999999999993797,45.23131899986765,45.23339700000406
2019q4__trip_miles,22,64,1708,0.011079999999999979,169.8494739994203,169.6968219999917
2019q4__trip_miles,22,128,3064,0.006700000000000039,45.52403300021979,45.3497820000166
2019q4__trip_miles,22,256,5772,0.0032599999999999296,48.88850099996489,47.52180199997724
2019q4__trip_miles,22,512,11376,0.0011200000000000099,173.48934800065763,171.3493670000048
2019q4__trip_miles,22,1024,21484,0.00038000000000004697,46.49717400025111,46.36873999999125
2019q4__trip_miles,23,64,1708,0.013379999999999947,172.65774400038936,171.19669699999918
2019q4__trip_miles,23,128,3064,0.0044800000000000395,47.56364900003973,45.919789000009814
2019q4__trip_miles,23,256,5772,0.0009799999999999809,174.69717300082266,46.10612800001945
2019q4__trip_miles,23,512,11376,0.0010599999999999499,45.422861000588455,45.42629499999862
2019q4__trip_miles,23,1024,21484,0.0007800000000000029,44.605441999920004,44.55533699999137
2019q4__trip_miles,24,64,1708,0.00651999999999997,178.34672499975568,174.85107400000288
2019q4__trip_miles,24,128,3064,0.010660000000000003,47.02693099989119,46.90782800000193
2019q4__trip_miles,24,256,5772,0.0018200000000000438,174.32238499986852,172.9112680000071
2019q4__trip_miles,24,512,11376,0.0012199999999999989,46.352139999726205,46.26277900001696
2019q4__trip_miles,24,1024,21484,0.0005399999999999849,45.03730399937922,44.971645000003946
2019q4__trip_miles,25,64,1708,0.006319999999999992,44.429630000195175,44.24459800000591
2019q4__trip_miles,25,128,3064,0.0050000000000000044,43.76291200060223,43.683083000018996
2019q4__trip_miles,25,256,5772,0.0038000000000000256,172.72613200020714,172.49799999999027
2019q4__trip_miles,25,512,11376,0.0007200000000000539,51.31655400055024,48.13215300001161
2019q4__trip_miles,25,1024,21484,0.00015999999999993797,183.04004200035706,171.75787499999728
2019q4__trip_miles,26,64,1708,0.0048200000000000465,51.92718199941737,50.05509299999744
2019q4__trip_miles,26,128,3064,0.0031200000000000117,179.60193199996866,172.64081500002249
2019q4__trip_miles,26,256,5772,0.0010200000000000209,53.55355800020334,48.02223900000513
2019q4__trip_miles,26,512,11376,0.000540000000000096,182.07049699958588,173.76754900001856
2019q4__trip_miles,26,1024,21484,0.000140000000000029,44.204886000443366,43.73613799998566
2019q4__trip_miles,27,64,1708,0.005659999999999998,174.1214960002253,173.4791689999895
2019q4__trip_miles,27,128,3064,0.0034799999999999276,45.44144200008304,43.39493899999525
2019q4__trip_miles,27,256,5772,0.0021999999999999797,46.23164500026178,42.70376700000611
2019q4__trip_miles,27,512,11376,0.0008599999999999719,175.7986800002982,169.45973099998923
2019q4__trip_miles,27,1024,21484,0.0006000000000000449,47.9461690001699,44.70850199999177
2019q4__trip_miles,28,64,1708,0.007460000000000022,44.388966000042274,43.3921989999817
2019q4__trip_miles,28,128,3064,0.005959999999999965,44.31098999975802,44.3131410000035
2019q4__trip_miles,28,256,5772,0.0016599999999999948,171.16790100044454,168.98013300001935
2019q4__trip_miles,28,512,11376,0.0008799999999999919,43.26858200056449,42.94506299999057
2019q4__trip_miles,28,1024,21484,0.0008400000000000629,48.054402000161645,45.86273199998914
2019q4__trip_miles,29,64,1708,0.005619999999999958,46.090234000075725,45.05935500000646
2019q4__trip_miles,29,128,3064,0.007000000000000006,45.57579100037401,45.32936900000095
2019q4__trip_miles,29,256,5772,0.0025600000000000067,173.58057900037238,172.11368799999605
2019q4__trip_miles,29,512,11376,0.0007199999999999429,49.06316200049332,45.6476660000078
2019q4__trip_miles,29,1024,21484,0.00021999999999999797,173.6541190002754,170.7418870000197
2019q4__trip_miles,30,64,1708,0.01205999999999996,46.033261999582464,44.348968000008426
2019q4__trip_miles,30,128,3064,0.007379999999999942,174.1382860000158,172.4708200000009
2019q4__trip_miles,30,256,5772,0.0035399999999999876,47.20054799963691,46.764190000004646
2019q4__trip_miles,30,512,11376,0.0017399999999999638,45.00190499948076,44.470803999985264
2019q4__trip_miles,30,1024,21484,0.0009000000000000119,169.02488800042192,168.38362600000778
2019q4__trip_miles,31,64,1708,0.013840000000000074,45.09872900052869,44.69386499999928
2019q4__trip_miles,31,128,3064,0.0045800000000000285,173.71326800002862,170.15551599999412
2019q4__trip_miles,31,256,5772,0.0042600000000000415,43.380786999478005,42.7561889999879
2019q4__trip_miles,31,512,11376,0.0013199999999999878,46.1900139998761,45.59457900001007
2019q4__trip_miles,31,1024,21484,0.00036000000000002697,177.9704649998166,176.37438799999927
2019q4__trip_miles,32,64,1708,0.00658000000000003,46.9170189999204,46.676009000009344
2019q4__trip_miles,32,128,3064,0.0027399999999999924,170.15140799958317,170.1057619999915
2019q4__trip_miles,32,256,5772,0.00017999999999995797,43.64801100018667,43.537483999983806
2019q4__trip_miles,32,512,11376,0.0010200000000000209,170.29634900063684,170.18124500000908
2019q4__trip_miles,32,1024,21484,0.0005800000000000249,47.85166100009519,46.028795000012224
2019q4__trip_miles,33,64,1708,0.007220000000000004,170.89769800077192,170.515340999998
2019q4__trip_miles,33,128,3064,0.005299999999999971,48.7675530002889,47.307806999981494
2019q4__trip_miles,33,256,5772,0.0018799999999999928,46.301248999952804,44.63283499998738
2019q4__trip_miles,33,512,11376,0.0009400000000000519,169.43528599949786,169.30326700000364
2019q4__trip_miles,33,1024,21484,0.0006399999999999739,43.63647199988918,43.598653999993076
2019q4__trip_miles,34,64,1708,0.006759999999999988,180.29621799996676,175.27712999998357
2019q4__trip_miles,34,128,3064,0.0029200000000000337,48.69764600061899,48.56341500001804
2019q4__trip_miles,34,256,5772,0.0034600000000000186,183.2190980003361,49.74291700000322
2019q4__trip_miles,34,512,11376,0.0016199999999999548,48.01438699996652,48.00264700000412
2019q4__trip_miles,34,1024,21484,0.0,48.06708099931711,48.05062099998736
2019q4__trip_miles,35,64,1708,0.005859999999999976,45.94462000022759,43.958450999980414
2019q4__trip_miles,35,128,3064,0.0043400000000000105,47.780398999748286,46.950893999991195
2019q4__trip_miles,35,256,5772,0.0015399999999999858,167.9038849997596,167.76494199999092
2019q4__trip_miles,35,512,11376,0.0011200000000000099,45.20190599941998,45.097159999983205
2019q4__trip_miles,35,1024,21484,0.0012800000000000589,46.972841999377124,45.6069460000208
2019q4__trip_miles,36,64,1708,0.007739999999999969,47.19080999984726,45.95740499999579
2019q4__trip_miles,36,128,3064,0.011379999999999946,171.0775020001165,170.97516499998733
2019q4__trip_miles,36,256,5772,0.0030600000000000627,45.39107199980208,45.39295899999729
2019q4__trip_miles,36,512,11376,0.0016399999999999748,46.57044199939264,44.863211999995656
2019q4__trip_miles,36,1024,21484,0.0010599999999999499,175.094068999897,170.13453600000616
2019q4__trip_miles,37,64,1708,0.01772000000000007,46.843911999530974,46.52740299999891
2019q4__trip_miles,37,128,3064,0.0049599999999999644,170.59966800024995,170.21675199998754
2019q4__trip_miles,37,256,5772,0.0041999999999999815,46.45282399997086,46.33079399999929
2019q4__trip_miles,37,512,11376,0.0008200000000000429,45.59989100016537,45.45083200000022
2019q4__trip_miles,37,1024,21484,0.0005600000000000049,171.90481500074384,169.9988309999867
2019q4__trip_miles,38,64,1708,0.006680000000000019,49.11031299980095,46.93678199998885
2019q4__trip_miles,38,128,3064,0.01090000000000002,411.7226259995732,388.01395199999433
2019q4__trip_miles,38,256,5772,0.0028799999999999937,302.30499600020266,273.41732200000024
2019q4__trip_miles,38,512,11376,0.0008799999999999919,441.054812999937,285.2227090000099
2019q4__trip_miles,38,1024,21484,0.00039999999999995595,323.52722699943115,276.0077000000081
2019q4__trip_miles,39,64,1708,0.01085999999999998,215.95301999968797,81.71468400001913
2019q4__trip_miles,39,128,3064,0.009300000000000086,44.708905999868875,43.44904399999905
2019q4__trip_miles,39,256,5772,0.002620000000000011,45.019868000053975,45.022401000011314
2019q4__trip_miles,39,512,11376,0.0022199999999999998,433.3596670003317,406.0635179999963
2019q4__trip_miles,39,1024,21484,0.00046000000000001595,303.9571099998284,270.75147300001845
2019q4__trip_seconds,0,64,1708,0.016599999999999948,436.2999899994975,402.2736499999837
2019q4__trip_seconds,0,128,3064,0.0037599999999999856,234.10107099971356,97.8308919999904
2019q4__trip_seconds,0,256,5772,0.0022799999999999904,47.060476999831735,47.04550899998594
2019q4__trip_seconds,0,512,11376,0.0012000000000000066,47.10123599943472,47.10373300000015
2019q4__trip_seconds,0,1024,21484,0.00043999999999999595,431.5789699994639,399.7059730000103
2019q4__trip_seconds,1,64,1708,0.009080000000000005,292.3054400007459,246.96540599998684
2019q4__trip_seconds,1,128,3064,0.006340000000000012,218.95570600008796,55.84407000000624
2019q4__trip_seconds,1,256,5772,0.0018399999999999528,82.83367599960911,55.78203199999621
2019q4__trip_seconds,1,512,11376,0.0013199999999999878,187.62752499969793,59.54823800001918
2019q4__trip_seconds,1,1024,21484,0.0005399999999999849,62.91546900047251,56.08568300002048
2019q4__trip_seconds,2,64,1708,0.010160000000000002,58.54006900062814,56.50661199999263
2019q4__trip_seconds,2,128,3064,0.007120000000000001,174.79217300024175,171.25952600000005
2019q4__trip_seconds,2,256,5772,0.0019000000000000128,54.63357200005703,52.98785500002623
2019q4__trip_seconds,2,512,11376,0.0017199999999999438,170.8508100000472,169.70949099999189
2019q4__trip_seconds,2,1024,21484,0.0010999999999999899,49.91918500036263,47.47592900000086
2019q4__trip_seconds,3,64,1708,0.011199999999999995,181.14147300002514,175.5925409999861
2019q4__trip_seconds,3,128,3064,0.0045800000000000285,52.82469200028572,47.50797399998419
2019q4__trip_seconds,3,256,5772,0.0033799999999999386,176.3460349993693,49.552506999987145
2019q4__trip_seconds,3,512,11376,0.0007599999999999829,54.98629800058552,52.463323000012
2019q4__trip_seconds,3,1024,21484,0.00045999999999990493,180.8918350006934,179.2939500000159
2019q4__trip_seconds,4,64,1708,0.009079999999999977,49.475034000352025,49.13512300001344
2019q4__trip_seconds,4,128,3064,0.009559999999999999,176.7992969998886,176.58592900002645
2019q4__trip_seconds,4,256,5772,0.0018599999999999728,55.32560400024522,53.20601400001124
2019q4__trip_seconds,4,512,11376,0.0010999999999999899,174.39724399991974,171.97857200000044
2019q4__trip_seconds,4,1024,21484,0.0007800000000000029,48.25526100012212,46.68605300000195
2019q4__trip_seconds,5,64,1708,0.005279999999999951,181.27375499989284,174.58196499998735
2019q4__trip_seconds,5,128,3064,0.0041600000000000525,51.89184299979388,46.575094000019135
2019q4__trip_seconds,5,256,5772,0.002240000000000006,179.21011199996428,172.22944799999595
2019q4__trip_seconds,5,512,11376,0.00068,49.520907000442094,45.769492999994554
2019q4__trip_seconds,5,1024,21484,0.00036000000000002697,45.515773000261106,45.01558399999794
2019q4__trip_seconds,6,64,1708,0.009299999999999975,51.593940000202565,49.89556099999959
2019q4__trip_seconds,6,128,3064,0.0035600000000000076,180.41579800046748,175.3090640000039
2019q4__trip_seconds,6,256,5772,0.002460000000000004,55.02216199965915,50.847900999997364
2019q4__trip_seconds,6,512,11376,0.0011400000000000299,181.1428259998138,175.31516799999736
2019q4__trip_seconds,6,1024,21484,0.0006599999999999939,56.05921000005765,51.073911000003136
2019q4__trip_seconds,7,64,1708,0.012780000000000014,184.99079800039908,177.19477099998926
2019q4__trip_seconds,7,128,3064,0.0031799999999999606,51.62703000041802,50.87863699998252
2019q4__trip_seconds,7,256,5772,0.001799999999999996,175.9416170007171,174.9079679999852
2019q4__trip_seconds,7,512,11376,0.0015000000000000013,55.81203100064158,52.04172399999152
2019q4__trip_seconds,7,1024,21484,0.0004799999999999943,180.5736930000421,176.82476999999608
2019q4__trip_seconds,8,64,1708,0.010980000000000004,52.83963800047786,51.02281399999242
2019q4__trip_seconds,8,128,3064,0.004979999999999998,175.5530460004593,174.8937469999987
2019q4__trip_seconds,8,256,5772,0.0018799999999999928,53.879209000115225,53.86550600002238
2019q4__trip_seconds,8,512,11376,0.0014799999999999813,175.11491300047055,175.10896299998535
2019q4__trip_seconds,8,1024,21484,0.0006800000000000139,54.55934899964632,50.02686199998152
2019q4__trip_seconds,9,64,1708,0.010539999999999994,175.80666599951655,174.5263929999794
2019q4__trip_seconds,9,128,3064,0.0069200000000000025,54.369905999919865,52.36808199998677
2019q4__trip_seconds,9,256,5772,0.0018599999999999728,174.59237499951996,174.07609800000046
2019q4__trip_seconds,9,512,11376,0.0015399999999999858,52.85690499931661,52.16445199999953
2019q4__trip_seconds,9,1024,21484,0.0005600000000000049,52.853578999929596,51.74603300000058
2019q4__trip_seconds,10,64,1708,0.003839999999999996,57.53091200040217,52.68853100000115
2019q4__trip_seconds,10,128,3064,0.009660000000000002,176.041697999608,174.6216850000053
2019q4__trip_seconds,10,256,5772,0.0035399999999999876,51.401593000264256,51.130892000003314
2019q4__trip_seconds,10,512,11376,0.0013600000000000279,63.270266000472475,51.31117700000232
2019q4__trip_seconds,10,1024,21484,0.0009000000000000119,180.27994000021863,175.80584899999963
2019q4__trip_seconds,11,64,1708,0.02085999999999999,184.49223500010703,180.902691
2019q4__trip_seconds,11,128,3064,0.008079999999999976,51.41791100049886,50.47316200000296
2019q4__trip_seconds,11,256,5772,0.0019600000000000034,179.7498589994575,177.85642900000198
2019q4__trip_seconds,11,512,11376,0.0018600000000000838,54.064699999798904,52.521456000022226
2019q4__trip_seconds,11,1024,21484,0.0008599999999999719,179.1333860001032,177.32998900001462
2019q4__trip_seconds,12,64,1708,0.021220000000000017,57.229124000514275,53.56696799998417
2019q4__trip_seconds,12,128,3064,0.009199999999999986,178.3063779994336,175.0020359999951
2019q4__trip_seconds,12,256,5772,0.0015399999999999858,51.04296500030614,49.06607400002372
2019q4__trip_seconds,12,512,11376,0.0021999999999999797,177.63266299971292,175.85634399998185
2019q4__trip_seconds,12,1024,21484,0.00043999999999999595,54.846799000188184,51.59752800000206
2019q4__trip_seconds,13,64,1708,0.019340000000000024,52.44780499924673,49.828911999981074
2019q4__trip_seconds,13,128,3064,0.005960000000000021,50.80295900006604,48.79709200000093
2019q4__trip_seconds,13,256,5772,0.0032000000000000917,180.56587200044305,176.65342699999087
2019q4__trip_seconds,13,512,11376,0.0020200000000000218,50.956613999915135,49.41752999999949
2019q4__trip_seconds,13,1024,21484,0.00031999999999998696,176.9626809991678,175.715614000012
2019q4__trip_seconds,14,64,1708,0.01539999999999997,57.75976999939303,51.46240600001306
2019q4__trip_seconds,14,128,3064,0.007880000000000012,187.1699549992627,176.20566400000826
2019q4__trip_seconds,14,256,5772,0.0030999999999999917,62.31008500071766,50.52896799998052
2019q4__trip_seconds,14,512,11376,0.00029999999999996696,175.4896729999018,174.63552400002413
2019q4__trip_seconds,14,1024,21484,0.0004999999999999449,51.5215060004266,48.609623000004376
2019q4__trip_seconds,15,64,1708,0.016220000000000012,55.62378699960391,55.489121999983126
2019q4__trip_seconds,15,128,3064,0.003700000000000009,175.89606100045785,50.54909699998689
2019q4__trip_seconds,15,256,5772,0.0013600000000000279,64.56444299965369,49.91731900000218
2019q4__trip_seconds,15,512,11376,0.0009400000000000519,184.51049299983424,174.17587400001366
2019q4__trip_seconds,15,1024,21484,2.0000000000020002e-05,53.13109100006841,53.054221999985884
2019q4__trip_seconds,16,64,1708,0.011940000000000006,193.8599000004615,176.52998899998806
2019q4__trip_seconds,16,128,3064,0.0075599999999999,58.29901399920345,54.26393499999449
2019q4__trip_seconds,16,256,5772,0.0025399999999999867,188.05371600046783,178.05175399999484
2019q4__trip_seconds,16,512,11376,0.002799999999999997,59.62197400003788,52.15541399999779
2019q4__trip_seconds,16,1024,21484,0.00038000000000004697,180.2820970005996,174.78672300001108
2019q4__trip_seconds,17,64,1708,0.009599999999999997,178.01748200054135,177.14299499999697
2019q4__trip_seconds,17,128,3064,0.0031999999999999806,55.77095599983295,55.01295600001299
2019q4__trip_seconds,17,256,5772,0.0032799999999999496,53.93398999967758,52.21054399999048
2019q4__trip_seconds,17,512,11376,0.0020599999999999508,180.40611899959913,175.17143500000998
2019q4__trip_seconds,17,1024,21484,0.00025999999999999635,53.623507999873254,51.24643100000981
2019q4__trip_seconds,18,64,1708,0.014780000000000001,63.39270600074087,52.89645800002063
2019q4__trip_seconds,18,128,3064,0.003820000000000004,183.39862700031517,179.3510480000009
2019q4__trip_seconds,18,256,5772,0.0027599999999999847,54.35949599996093,51.741027999980815
2019q4__trip_seconds,18,512,11376,0.00068,178.87819500083424,178.04249700000696
2019q4__trip_seconds,18,1024,21484,0.000260000000000038,55.56439700012561,54.38235000002578
2019q4__trip_seconds,19,64,1708,0.01981999999999995,180.15353699956904,175.84666000001903
2019q4__trip_seconds,19,128,3064,0.0040000000000000036,54.34077799964143,52.77174999997669
2019q4__trip_seconds,19,256,5772,0.0016399999999999748,182.70261299949198,179.1520280000043
2019q4__trip_seconds,19,512,11376,0.0017199999999999438,53.414652000356,52.497135000010076
2019q4__trip_seconds,19,1024,21484,0.0010000000000000009,179.87101400012762,178.7008260000107
2019q4__trip_seconds,20,64,1708,0.00768000000000002,51.797555000121065,50.83054700000389
2019q4__trip_seconds,20,128,3064,0.007959999999999967,183.82198499966762,181.70451700001422
2019q4__trip_seconds,20,256,5772,0.0015399999999999858,59.39972300075169,55.698588000012705
2019q4__trip_seconds,20,512,11376,0.0013600000000000279,180.56927399993583,177.31271299999207
2019q4__trip_seconds,20,1024,21484,0.0005800000000000249,53.93467499925464,52.610474999994494
2019q4__trip_seconds,21,64,1708,0.02517999999999998,50.7296599998881,50.3825099999915
2019q4__trip_seconds,21,128,3064,0.008139999999999994,177.1592459999738,177.11847300000727
2019q4__trip_seconds,21,256,5772,0.0017199999999999993,55.20632899970224,55.1445929999943
2019q4__trip_seconds,21,512,11376,0.0008800000000000058,52.36162599976524,50.83931400000097
2019q4__trip_seconds,21,1024,21484,0.0006199999999999539,176.01012500017532,175.1259240000138
2019q4__trip_seconds,22,64,1708,0.012739999999999974,175.44033200010745,175.32481099999586
2019q4__trip_seconds,22,128,3064,0.00732,54.191861999242974,54.180750000000444
2019q4__trip_seconds,22,256,5772,0.0030199999999999116,57.72063899985369,53.15990500000112
2019q4__trip_seconds,22,512,11376,0.0011200000000000099,179.36051899960148,175.9919449999927
2019q4__trip_seconds,22,1024,21484,0.0007800000000000029,72.52860300013708,51.4077820000125
2019q4__trip_seconds,23,64,1708,0.014020000000000032,196.47988799988525,49.58070800000769
2019q4__trip_seconds,23,128,3064,0.0038799999999999946,64.63476400040236,53.1762859999958
2019q4__trip_seconds,23,256,5772,0.0014599999999999058,190.06994599931204,176.6544930000009
2019q4__trip_seconds,23,512,11376,0.0011999999999999789,54.13086199951067,52.09889799999701
2019q4__trip_seconds,23,1024,21484,0.0007199999999999429,52.86687100033305,51.904553000014175
2019q4__trip_seconds,24,64,1708,0.008199999999999999,56.2734540008023,51.60794599999008
2019q4__trip_seconds,24,128,3064,0.006699999999999928,179.33250700025383,175.39260600000262
2019q4__trip_seconds,24,256,5772,0.0036199999999999566,50.212785999974585,49.68478699998968
2019q4__trip_seconds,24,512,11376,0.0016000000000000458,179.55533900021692,176.48696299997368
2019q4__trip_seconds,24,1024,21484,0.0010599999999999499,60.195566999937,55.73596499999667
2019q4__trip_seconds,25,64,1708,0.015240000000000031,204.9491219995616,176.53580199998942
2019q4__trip_seconds,25,128,3064,0.0030000000000000027,182.3793139992631,177.88371399998937
2019q4__trip_seconds,25,256,5772,0.0017999999999999128,60.89777199940727,57.15233199998693
2019q4__trip_seconds,25,512,11376,0.0026599999999999957,178.61756600086665,172.82316699999
2019q4__trip_seconds,25,1024,21484,0.0007200000000000539,59.50234899955831,50.87412699998595
2019q4__trip_seconds,26,64,1708,0.016520000000000007,179.38756300009118,174.84151299998985
2019q4__trip_seconds,26,128,3064,0.005319999999999991,50.46941499949753,49.34743399999775
2019q4__trip_seconds,26,256,5772,0.0015200000000000213,179.42739200043434,176.6671830000064
2019q4__trip_seconds,26,512,11376,0.0020799999999999708,49.1038899999694,48.396827000004805
2019q4__trip_seconds,26,1024,21484,0.0003599999999999992,49.82408000068972,49.56732400000874
2019q4__trip_seconds,27,64,1708,0.008799999999999995,51.75153900017904,50.61664500001939
2019q4__trip_seconds,27,128,3064,0.008819999999999995,177.25183200036554,177.21117299998923
2019q4__trip_seconds,27,256,5772,0.0017600000000000948,55.13860799965187,53.170218999980534
2019q4__trip_seconds,27,512,11376,0.0010599999999999499,56.63687400010531,51.3671880000004
2019q4__trip_seconds,27,1024,21484,0.0009599999999999609,177.35410000022966,173.91799000000674
2019q4__trip_seconds,28,64,1708,0.01193999999999995,176.30392799947003,174.35654199999817
2019q4__trip_seconds,28,128,3064,0.005920000000000036,49.939026000174636,49.01752800000736
2019q4__trip_seconds,28,256,5772,0.0044200000000000905,49.19474300004367,48.55563300000654
2019q4__trip_seconds,28,512,11376,0.0026800000000000157,174.90480299966293,174.32636099999854
2019q4__trip_seconds,28,1024,21484,0.0008200000000000429,55.41505900055199,52.99965599999723
2019q4__trip_seconds,29,64,1708,0.02410000000000001,55.05654599983245,53.97193000001721
2019q4__trip_seconds,29,128,3064,0.0040000000000000036,179.3634830000883,174.5953859999929
2019q4__trip_seconds,29,256,5772,0.005279999999999993,56.22027200024604,51.06369299997482
2019q4__trip_seconds,29,512,11376,0.0012800000000000589,50.429697999788914,49.05677799999353
2019q4__trip_seconds,29,1024,21484,0.00048000000000003595,181.90946100003202,174.84764299999256
2019q4__trip_seconds,30,64,1708,0.011079999999999993,180.36675799976365,174.90474099997755
2019q4__trip_seconds,30,128,3064,0.006360000000000032,57.45982499956881,50.0007819999837
2019q4__trip_seconds,30,256,5772,0.0016800000000000148,177.27264600034687,173.62423800000215
2019q4__trip_seconds,30,512,11376,0.0014800000000000021,53.629437000381586,51.84901400002673
2019q4__trip_seconds,30,1024,21484,0.0003999999999999976,53.459435000149824,50.50519000002396
2019q4__trip_seconds,31,64,1708,0.00988,49.76251300013246,47.36140999997929
2019q4__trip_seconds,31,128,3064,0.0075799999999999895,176.57019499984017,175.24547799999368
2019q4__trip_seconds,31,256,5772,0.0033600000000000296,51.85802199957834,49.0856380000082
2019q4__trip_seconds,31,512,11376,0.0012999999999999678,41.672794000078284,41.67484800001375
2019q4__trip_seconds,31,1024,21484,0.0006599999999999939,171.93893300009222,171.59774099999936
2019q4__trip_seconds,32,64,1708,0.021320000000000006,49.27636699994764,48.32415100000276
2019q4__trip_seconds,32,128,3064,0.005979999999999999,175.0980189999609,48.94751000000497
2019q4__trip_seconds,32,256,5772,0.0028000000000000247,51.26652800026932,51.27139300000749
2019q4__trip_seconds,32,512,11376,0.0014200000000000879,176.62613999982568,176.3805980000086
2019q4__trip_seconds,32,1024,21484,0.0008399999999999519,44.11036700003024,44.11262599998622
2019q4__trip_seconds,33,64,1708,0.008099999999999996,168.39904600055888,168.2252139999889
2019q4__trip_seconds,33,128,3064,0.005620000000000069,43.672939000316546,43.64929099997994
2019q4__trip_seconds,33,256,5772,0.00316000000000001,42.17467400030728,42.17695100001606
2019q4__trip_seconds,33,512,11376,0.0007000000000000339,171.59265000009327,171.48123800001258
2019q4__trip_seconds,33,1024,21484,0.0005200000000000066,47.27239000021655,44.691476999986435
2019q4__trip_seconds,34,64,1708,0.012539999999999996,189.75886199950764,174.5273349999934
2019q4__trip_seconds,34,128,3064,0.0017200000000000548,60.85018100020534,46.710192000006145
2019q4__trip_seconds,34,256,5772,0.0019799999999999818,185.14554900048097,175.0130839999997
2019q4__trip_seconds,34,512,11376,0.001060000000000061,65.097128999696,58.52033599998663
2019q4__trip_seconds,34,1024,21484,0.00043999999999999595,181.16161700072553,173.46886300001074
2019q4__trip_seconds,35,64,1708,0.009220000000000006,56.35328399966966,52.457565999986855
2019q4__trip_seconds,35,128,3064,0.004880000000000009,181.48119199940993,176.4835750000202
2019q4__trip_seconds,35,256,5772,0.0035000000000000586,54.66334700031439,54.28300299999478
2019q4__trip_seconds,35,512,11376,0.001040000000000041,177.98343600043154,174.88333900001862
2019q4__trip_seconds,35,1024,21484,0.00029999999999996696,53.15797700041003,51.20452799999953
2019q4__trip_seconds,36,64,1708,0.009600000000000053,179.98341299971798,175.3136080000104
2019q4__trip_seconds,36,128,3064,0.007499999999999993,49.29541099954804,48.886954000010974
2019q4__trip_seconds,36,256,5772,0.0025800000000000267,182.38037900027848,176.58962099997666
2019q4__trip_seconds,36,512,11376,0.00043999999999999595,51.221534999967844,48.99411099998474
2019q4__trip_seconds,36,1024,21484,0.000520000000000076,174.09132400007366,171.24453299999232
2019q4__trip_seconds,37,64,1708,0.015780000000000016,48.85546600053203,48.815191000016966
2019q4__trip_seconds,37,128,3064,0.006540000000000004,179.84404599974368,176.64352400001349
2019q4__trip_seconds,37,256,5772,0.0018599999999999728,52.61454199990112,50.925777000003336
2019q4__trip_seconds,37,512,11376,0.0016199999999999548,177.81666299924836,175.99468200000956
2019q4__trip_seconds,37,1024,21484,0.00022000000000001185,52.89493500004028,51.64574299999458
2019q4__trip_seconds,38,64,1708,0.010399999999999965,176.8058369998471,174.99835099999927
2019q4__trip_seconds,38,128,3064,0.007120000000000015,49.177138000231935,49.16206199999351
2019q4__trip_seconds,38,256,5772,0.0022400000000000198,173.2408289999512,173.17698199997267
2019q4__trip_seconds,38,512,11376,0.0012799999999999478,51.55755500072701,50.20388599999137
2019q4__trip_seconds,38,1024,21484,0.0005999999999999339,51.57760500060249,49.03073200000563
2019q4__trip_seconds,39,64,1708,0.008079999999999976,51.07195399978082,49.85520500000007
2019q4__trip_seconds,39,128,3064,0.0026800000000000157,180.6695609993767,174.55271299999708
2019q4__trip_seconds,39,256,5772,0.0008799999999999919,52.45089399977587,49.16183599999613
2019q4__trip_seconds,39,512,11376,0.0019799999999999818,195.28607800020836,50.01199999998107
2019q4__trip_seconds,39,1024,21484,0.0006000000000000449,50.71041100018192,49.69687299998782
2020q1__trip_total,0,64,1708,0.0026599999999999957,56.120390999240044,50.105516000002126
2020q1__trip_total,0,128,3064,0.0033400000000000096,54.897322000215354,52.455288999993854
2020q1__trip_total,0,256,5772,0.0028200000000000447,188.6976779996985,178.91891899998313
2020q1__trip_total,0,512,11376,0.0014399999999999968,52.211022999472334,52.09836599999562
2020q1__trip_total,0,1024,21484,0.0008399999999999519,176.56484399958572,175.22425699999644
2020q1__trip_total,1,64,1708,0.005659999999999998,174.0379100001519,173.27060200000233
2020q1__trip_total,1,128,3064,0.0041799999999999615,49.624281999967934,49.4720760000007
2020q1__trip_total,1,256,5772,0.0009199999999999209,50.43784500048787,48.448198999977876
2020q1__trip_total,1,512,11376,0.0008799999999999919,177.66854999990755,175.26456100000587
2020q1__trip_total,1,1024,21484,0.0005600000000000049,50.838335999287665,50.71123199999761
2020q1__trip_total,2,64,1708,0.00873999999999997,185.79017499996553,178.66595700002108
2020q1__trip_total,2,128,3064,0.0046399999999999775,49.51491100018757,49.20363299999053
2020q1__trip_total,2,256,5772,0.002600000000000005,176.3523889994758,175.6032080000125
2020q1__trip_total,2,512,11376,0.0014800000000000368,51.76204300005338,51.36982699997361
2020q1__trip_total,2,1024,21484,0.0007599999999999829,174.9626149994583,174.64999199998488
2020q1__trip_total,3,64,1708,0.01660000000000006,51.058727000054205,50.69058999998788
2020q1__trip_total,3,128,3064,0.007059999999999955,174.2935470001612,174.03532399998767
2020q1__trip_total,3,256,5772,0.0028400000000000647,56.935204999717826,48.94057500001736
2020q1__trip_total,3,512,11376,0.0012800000000000589,181.193563999841,174.64271700001177
2020q1__trip_total,3,1024,21484,0.00031999999999998696,51.325504000487854,51.09614299999521
2020q1__trip_total,4,64,1708,0.00868,177.98012000002927,50.42450300001633
2020q1__trip_total,4,128,3064,0.0034000000000000696,54.309875999933865,49.94228200001771
2020q1__trip_total,4,256,5772,0.0016200000000000034,186.15849100024207,175.40944199998876
2020q1__trip_total,4,512,11376,0.0013400000000000079,53.71940000077302,50.36445000001777
2020q1__trip_total,4,1024,21484,0.00015999999999993797,34.61958099978801,34.46673700000247
2020q1__trip_total,5,64,1708,0.005900000000000016,42.55739500058553,42.55562899999177
2020q1__trip_total,5,128,3064,0.009340000000000015,47.47282300013467,47.349337999975205
2020q1__trip_total,5,256,5772,0.0034599999999999076,173.21248200005357,170.19919599999866
2020q1__trip_total,5,512,11376,0.0008599999999999719,49.111760000414506,46.64484799999968
2020q1__trip_total,5,1024,21484,0.00024000000000001798,31.972533000043768,31.923417000001564
2020q1__trip_total,6,64,1708,0.0039199999999999235,35.599634000391234,35.275928999993766
2020q1__trip_total,6,128,3064,0.0024200000000000055,40.56639999998879,37.98356699999772
2020q1__trip_total,6,256,5772,0.0017600000000000948,160.15917099957733,160.0143530000082
2020q1__trip_total,6,512,11376,0.0008799999999999919,30.892232000041986,30.8793650000041
2020q1__trip_total,6,1024,21484,0.0009400000000000519,31.590868000421324,31.593802999992704
2020q1__trip_total,7,64,1708,0.006400000000000072,163.05114799979492,162.92432399998802
2020q1__trip_total,7,128,3064,0.0040999999999999995,36.00877299959393,36.01104099999475
2020q1__trip_total,7,256,5772,0.0019400000000000528,40.414377999695716,40.405572999986816
2020q1__trip_total,7,512,11376,0.00041999999999997595,168.1614310000441,166.82586700000002
2020q1__trip_total,7,1024,21484,0.0007599999999999829,52.118393999990076,50.531718000002
2020q1__trip_total,8,64,1708,0.015240000000000031,158.08539899990137,158.0735210000057
2020q1__trip_total,8,128,3064,0.0049000000000000155,33.72481800033711,33.6716200000069
2020q1__trip_total,8,256,5772,0.0021200000000000108,32.656082000357856,32.64352299999018
2020q1__trip_total,8,512,11376,0.0016800000000000148,34.53605599952425,34.52601699999036
2020q1__trip_total,8,1024,21484,0.00040000000000006697,165.09962500003894,164.87579200000368
2020q1__trip_total,9,64,1708,0.00988,30.965705000198795,30.96491900001297
2020q1__trip_total,9,128,3064,0.006659999999999999,35.79263699975854,35.77739499999666
2020q1__trip_total,9,256,5772,0.0008599999999999719,163.63474899935682,163.4784250000223
2020q1__trip_total,9,512,11376,0.0005399999999999849,32.85808199962048,32.84696600002235
2020q1__trip_total,9,1024,21484,0.00045999999999990493,33.608405999984825,33.59286299999553
2020q1__trip_total,10,64,1708,0.014679999999999915,50.72222299986606,49.41758399999685
2020q1__trip_total,10,128,3064,0.006700000000000039,44.49521000060486,40.997551000003796
2020q1__trip_total,10,256,5772,0.0025400000000000006,162.56146299929242,162.5143709999861
2020q1__trip_total,10,512,11376,0.0010200000000000209,33.318504999442666,33.32352900000046
2020q1__trip_total,10,1024,21484,0.0007199999999999429,34.912306000478566,34.91416700001082
2020q1__trip_total,11,64,1708,0.005499999999999949,32.1764490008718,32.103167000002486
2020q1__trip_total,11,128,3064,0.008380000000000054,38.80861100060429,37.27687200000673
2020q1__trip_total,11,256,5772,0.0031599999999999406,179.13305000001856,171.4270299999896
2020q1__trip_total,11,512,11376,0.0011400000000000299,53.90637200071069,48.20601899999133
2020q1__trip_total,11,1024,21484,0.00021999999999999797,59.4493139997212,50.23960199997646
2020q1__trip_total,12,64,1708,0.007099999999999995,49.63381200013828,49.51776999999424
2020q1__trip_total,12,128,3064,0.0031600000000000517,167.95981599989318,167.76872799999865
2020q1__trip_total,12,256,5772,0.0025800000000000267,37.97481899982813,37.93106700001658
2020q1__trip_total,12,512,11376,0.0008200000000000429,34.68067300036637,34.67162399999779
2020q1__trip_total,12,1024,21484,0.00024000000000001798,164.18744699967647,163.92332899999928
2020q1__trip_total,13,64,1708,0.011519999999999975,30.669336999380903,30.666099000001168
2020q1__trip_total,13,128,3064,0.0021600000000000508,31.751605999488675,31.736885000015036
2020q1__trip_total,13,256,5772,0.0032599999999999296,163.52530699987256,163.4746860000007
2020q1__trip_total,13,512,11376,0.001040000000000041,32.74389299986069,32.730960999998615
2020q1__trip_total,13,1024,21484,0.00029999999999996696,30.47768200030987,30.47943699999678
2020q1__trip_total,14,64,1708,0.00990000000000002,170.4910110001947,170.45501600000534
2020q1__trip_total,14,128,3064,0.005719999999999947,50.553074999697856,49.63034200000038
2020q1__trip_total,14,256,5772,0.0028000000000000247,35.04401600002893,35.032919000002494
2020q1__trip_total,14,512,11376,0.0014600000000000168,159.36112300005334,159.3400130000191
2020q1__trip_total,14,1024,21484,0.00019999999999997797,36.949758999980986,36.9563810000102
2020q1__trip_total,15,64,1708,0.01202000000000003,169.877978999466,168.17443099998286
2020q1__trip_total,15,128,3064,0.004180000000000017,31.477055000323162,31.480141999992384
2020q1__trip_total,15,256,5772,0.005160000000000053,35.64196899969829,35.63200800002164
2020q1__trip_total,15,512,11376,0.00043999999999999595,36.22852300031809,36.23128499998529
2020q1__trip_total,15,1024,21484,0.0005800000000000111,166.18996200031688,166.14311800000792
2020q1__trip_total,16,64,1708,0.009820000000000051,40.348606999941694,40.34568899999158
2020q1__trip_total,16,128,3064,0.0049200000000000355,170.46740999921894,170.43473399999698
2020q1__trip_total,16,256,5772,0.0011999999999999789,48.07471500043903,48.07603200001154
2020q1__trip_total,16,512,11376,0.0008599999999999719,33.55317200021091,33.55605799998784
2020q1__trip_total,16,1024,21484,0.0007199999999999429,159.76149099969916,159.74172299999623
2020q1__trip_total,17,64,1708,0.015220000000000004,32.897840999794425,32.87679000001731
2020q1__trip_total,17,128,3064,0.0036599999999999966,35.568381999837584,35.49558100002059
2020q1__trip_total,17,256,5772,0.0007800000000000029,157.47534399997676,157.44427899997504
2020q1__trip_total,17,512,11376,0.00027999999999994696,31.948826000189,31.952259999997068
2020q1__trip_total,17,1024,21484,0.00039999999999995595,30.85714300050313,30.843394000015678
2020q1__trip_total,18,64,1708,0.007900000000000018,161.87150699988706,161.8164369999988
2020q1__trip_total,18,128,3064,0.00644,31.48669699930906,31.490090000005466
2020q1__trip_total,18,256,5772,0.0045399999999999885,32.73501999956352,32.71995800000127
2020q1__trip_total,18,512,11376,0.0012999999999999678,170.13165499975003,169.972883000014
2020q1__trip_total,18,1024,21484,0.0,47.85104100028548,47.78160399999365
2020q1__trip_total,19,64,1708,0.007900000000000018,160.90194800017343,160.85302399997659
2020q1__trip_total,19,128,3064,0.005139999999999922,33.18746700006159,33.190321000006406
2020q1__trip_total,19,256,5772,0.0016599999999999948,35.13360200031457,35.13719299999707
2020q1__trip_total,19,512,11376,0.0012400000000000189,41.191129999788245,41.10589199999026
2020q1__trip_total,19,1024,21484,0.0007000000000000339,159.43617399989307,159.4006679999893
2020q1__trip_total,20,64,1708,0.010020000000000001,31.078781999895,31.076536999989912
2020q1__trip_total,20,128,3064,0.00544,162.23363900007826,162.19670999998925
2020q1__trip_total,20,256,5772,0.0026199999999999557,36.09648699966783,36.09870799999726
2020q1__trip_total,20,512,11376,0.0012600000000000389,38.128374000734766,38.1208820000154
2020q1__trip_total,20,1024,21484,0.00029999999999996696,41.10819800007448,41.11005299998283
2020q1__trip_total,21,64,1708,0.010179999999999967,50.69613700015907,50.45389899999009
2020q1__trip_total,21,128,3064,0.01093999999999995,176.86336200040387,175.1109169999836
2020q1__trip_total,21,256,5772,0.002600000000000005,36.0972029993718,36.1008239999876
2020q1__trip_total,21,512,11376,0.0020600000000000063,33.50552499978221,33.48925999998187
2020q1__trip_total,21,1024,21484,0.0011799999999999589,169.90496099970187,169.51480000000174
2020q1__trip_total,22,64,1708,0.011639999999999984,39.90355599944451,39.88667100000498
2020q1__trip_total,22,128,3064,0.010700000000000043,31.576072000461863,31.57829400001333
2020q1__trip_total,22,256,5772,0.0026199999999999557,168.36906199932855,168.29789199999823
2020q1__trip_total,22,512,11376,0.0014600000000000168,46.48761000044033,46.47635800000671
2020q1__trip_total,22,1024,21484,0.00034000000000000696,34.85481299958337,34.856753000013896
2020q1__trip_total,23,64,1708,0.008179999999999965,50.102961999982654,50.10068400000023
2020q1__trip_total,23,128,3064,0.0041999999999999815,35.57400499994401,35.576142999985905
2020q1__trip_total,23,256,5772,0.0041599999999999415,158.62198900049407,158.60113200000114
2020q1__trip_total,23,512,11376,0.003259999999999985,36.874543999147136,36.877775000021984
2020q1__trip_total,23,1024,21484,0.0006599999999999939,31.48661399973207,31.47005799999647
2020q1__trip_total,24,64,1708,0.009260000000000046,35.916732999794476,35.8987959999979
2020q1__trip_total,24,128,3064,0.007900000000000004,37.100688999998965,37.10278899998798
2020q1__trip_total,24,256,5772,0.005299999999999971,33.44571299930976,33.43288099998176
2020q1__trip_total,24,512,11376,0.0015200000000000768,164.37723700073548,164.07297300000323
2020q1__trip_total,24,1024,21484,0.0006199999999999539,35.857420999491296,35.860724999992044
2020q1__trip_total,25,64,1708,0.00882000000000005,167.270918000213,167.0788630000004
2020q1__trip_total,25,128,3064,0.006579999999999919,53.00666099992668,52.69065199999545
2020q1__trip_total,25,256,5772,0.0013199999999999878,56.61317400063126,49.450828000004776
2020q1__trip_total,25,512,11376,0.0015600000000000058,177.77992700030154,173.04273799999237
2020q1__trip_total,25,1024,21484,0.0005199999999999649,51.78632800016203,49.923472000017455
2020q1__trip_total,26,64,1708,0.01305999999999996,49.29028999958973,47.511033000006364
2020q1__trip_total,26,128,3064,0.0015199999999999658,39.34332500011806,39.345039000011184
2020q1__trip_total,26,256,5772,0.0021599999999999397,174.08300500028417,173.96216199998094
2020q1__trip_total,26,512,11376,0.0008199999999999319,49.06492600002821,48.89747999999372
2020q1__trip_total,26,1024,21484,0.0007199999999999429,50.3189699993527,50.27653199999804
2020q1__trip_total,27,64,1708,0.011780000000000013,50.46429199956037,48.632390999983954
2020q1__trip_total,27,128,3064,0.008039999999999936,164.5497150002484,163.9954960000125
2020q1__trip_total,27,256,5772,0.0014199999999999768,39.59443499934423,39.38060099997642
2020q1__trip_total,27,512,11376,0.0008599999999999719,34.148877000006905,34.159630999994306
2020q1__trip_total,27,1024,21484,0.00036000000000002697,165.69124800025747,164.9302219999811
2020q1__trip_total,28,64,1708,0.009039999999999937,31.048187999658694,31.045607000010023
2020q1__trip_total,28,128,3064,0.007380000000000053,29.37817800011544,29.3649959999982
2020q1__trip_total,28,256,5772,0.0013400000000000079,157.50186599962035,157.32555899998601
2020q1__trip_total,28,512,11376,0.0007000000000000339,39.73889999997482,39.710947000003216
2020q1__trip_total,28,1024,21484,0.000280000000000058,34.49498299960396,34.4972089999942
2020q1__trip_total,29,64,1708,0.012520000000000087,172.3505899999509,172.04590700001177
2020q1__trip_total,29,128,3064,0.0039000000000000146,46.156613999301044,45.93645500000321
2020q1__trip_total,29,256,5772,0.0018599999999999728,33.224560000235215,33.22793099999899
2020q1__trip_total,29,512,11376,0.0005199999999999649,163.39193600015278,163.30504999999107
2020q1__trip_total,29,1024,21484,0.00015999999999993797,33.5022460003529,33.50377600000343
2020q1__trip_total,30,64,1708,0.0047600000000000975,166.5777309999612,166.38606899999786
2020q1__trip_total,30,128,3064,0.0025600000000000067,34.66894199937087,34.67074099998513
2020q1__trip_total,30,256,5772,0.0025800000000000267,30.11435700045695,30.116882999976724
2020q1__trip_total,30,512,11376,0.0018400000000000638,29.952216000310727,29.954201999998986
2020q1__trip_total,30,1024,21484,0.00034000000000000696,163.19203399962134,163.0884740000056
2020q1__trip_total,31,64,1708,0.010800000000000032,32.697327000278165,32.69477899999629
2020q1__trip_total,31,128,3064,0.003280000000000005,36.160151999865775,36.14702000001557
2020q1__trip_total,31,256,5772,0.0018799999999999928,168.5648789998595,167.027982999997
2020q1__trip_total,31,512,11376,0.0005600000000000049,54.66894399978628,53.355423999988716
2020q1__trip_total,31,1024,21484,0.00047999999999992493,170.84563699972932,165.81072200000335
2020q1__trip_total,32,64,1708,0.008500000000000063,42.317576000641566,40.11217400000078
2020q1__trip_total,32,128,3064,0.005560000000000009,173.82013600035862,45.267186000018
2020q1__trip_total,32,256,5772,0.0023599999999999177,38.73435400055314,37.81021399998963
2020q1__trip_total,32,512,11376,0.0011600000000000499,31.612757999937457,31.615931000004593
2020q1__trip_total,32,1024,21484,0.000500000000000056,159.6273770001062,159.54382499998587
2020q1__trip_total,33,64,1708,0.00713999999999998,38.7161170001491,38.70090999998865
2020q1__trip_total,33,128,3064,0.005340000000000011,173.85245299919916,173.15301299998964
2020q1__trip_total,33,256,5772,0.0014800000000000368,52.6622839997799,49.89430399999151
2020q1__trip_total,33,512,11376,0.0014600000000000168,53.942128000016965,49.908584999997174
2020q1__trip_total,33,1024,21484,0.0008399999999999519,160.47849400001724,160.38596900000357
2020q1__trip_total,34,64,1708,0.005159999999999998,32.63169699948776,32.56749300001616
2020q1__trip_total,34,128,3064,0.0053399999999999,37.550955999904545,37.456241000001
2020q1__trip_total,34,256,5772,0.0028599999999999737,163.18282500014902,163.07347700001174
2020q1__trip_total,34,512,11376,0.0005199999999999649,33.48838199963211,33.491642999990745
2020q1__trip_total,34,1024,21484,0.00024000000000001798,34.447588000148244,34.43340100000114
2020q1__trip_total,35,64,1708,0.006720000000000059,39.042212999447656,38.973655999996026
2020q1__trip_total,35,128,3064,0.0024399999999999977,30.51132400014467,30.515395999998418
2020q1__trip_total,35,256,5772,0.0021400000000000308,32.15331100000185,32.11255799999435
2020q1__trip_total,35,512,11376,0.0007200000000000539,163.0817550003485,161.67688500001987
2020q1__trip_total,35,1024,21484,0.0,48.686887999792816,47.848477000002276
2020q1__trip_total,36,64,1708,0.005959999999999965,33.31056600018201,33.294933999997056
2020q1__trip_total,36,128,3064,0.006179999999999991,160.69460999915464,160.64517999998884
2020q1__trip_total,36,256,5772,0.0025199999999999667,47.63317500055564,47.594431000021586
2020q1__trip_total,36,512,11376,0.00034000000000000696,170.02222599967354,169.86748299999022
2020q1__trip_total,36,1024,21484,0.00034000000000000696,34.96807800001989,33.16499600001066
2020q1__trip_total,37,64,1708,0.02281999999999995,33.85694899952796,33.85446900000488
2020q1__trip_total,37,128,3064,0.0033200000000000035,160.37259299992002,160.33530600000745
2020q1__trip_total,37,256,5772,0.0028000000000000247,49.65384999923117,49.65548199999148
2020q1__trip_total,37,512,11376,0.0016999999999999238,33.10554199924809,33.10852100000261
2020q1__trip_total,37,1024,21484,9.999999999998899e-05,169.23493600006623,166.16220099999168
2020q1__trip_total,38,64,1708,0.009020000000000028,39.152284000010695,36.43069500000706
2020q1__trip_total,38,128,3064,0.0034199999999999786,160.45379499973933,160.42901099999085
2020q1__trip_total,38,256,5772,0.0009000000000000119,36.488555999312666,36.490377999996326
2020q1__trip_total,38,512,11376,0.0012999999999999678,32.685152999874845,32.63416699999766
2020q1__trip_total,38,1024,21484,9.999999999998899e-05,39.02367199953005,39.025966999986395
2020q1__trip_total,39,64,1708,0.019540000000000002,31.264395999642147,31.263518999992357
2020q1__trip_total,39,128,3064,0.0048799999999999955,32.4972649996198,32.48230400001262
2020q1__trip_total,39,256,5772,0.0012999999999999678,32.100409000122454,32.10309299998926
2020q1__trip_total,39,512,11376,0.0012999999999999678,162.66841499964357,162.56717699999967
2020q1__trip_total,39,1024,21484,0.00041999999999997595,33.94069700061664,33.94278800001871
2020q1__trip_miles,0,64,1708,0.0152199999999999,165.64312700029404,165.5977369999846
2020q1__trip_miles,0,128,3064,0.006679999999999908,54.30835500010289,48.02541600000154
2020q1__trip_miles,0,256,5772,0.0034800000000000386,37.964183000440244,37.91820799997936
2020q1__trip_miles,0,512,11376,0.0009599999999999609,163.95547800038912,163.9186929999994
2020q1__trip_miles,0,1024,21484,0.0007399999999999629,37.933245999738574,37.93547500001182
2020q1__trip_miles,1,64,1708,0.008940000000000059,42.50987399973383,42.41904599999202
2020q1__trip_miles,1,128,3064,0.0016000000000000458,159.73594299975957,159.64052799998285
2020q1__trip_miles,1,256,5772,0.0039000000000000146,31.722622000415868,31.726916999986088
2020q1__trip_miles,1,512,11376,0.0013600000000000279,33.71840199997678,33.707044000010455
2020q1__trip_miles,1,1024,21484,0.00048000000000003595,165.4381669995928,165.40025800000535
2020q1__trip_miles,2,64,1708,0.008640000000000092,37.76817099969776,37.766251000022066
2020q1__trip_miles,2,128,3064,0.008060000000000067,166.83031199954712,165.31627800000592
2020q1__trip_miles,2,256,5772,0.0041200000000000125,50.519983999947726,49.86513899999068
2020q1__trip_miles,2,512,11376,0.0022800000000000598,43.12837399993441,41.9648749999908
2020q1__trip_miles,2,1024,21484,0.0007200000000000539,163.49819199967897,163.46073899998714
2020q1__trip_miles,3,64,1708,0.0043199999999999905,33.159264999994775,33.16812700001037
2020q1__trip_miles,3,128,3064,0.006060000000000065,34.47396000046865,34.46050299999115
2020q1__trip_miles,3,256,5772,0.0034800000000000386,173.14294399966457,172.90522600001168
2020q1__trip_miles,3,512,11376,0.0018199999999999328,41.921639000065625,41.9082880000019
2020q1__trip_miles,3,1024,21484,0.0010399999999999299,34.269898000275134,34.27295200000913
2020q1__trip_miles,4,64,1708,0.010000000000000009,36.99524500007101,36.99387599999682
2020q1__trip_miles,4,128,3064,0.0034600000000000186,31.91061500001524,31.896920000008322
2020q1__trip_miles,4,256,5772,0.0014199999999999768,32.838239999364305,32.841353999998546
2020q1__trip_miles,4,512,11376,0.0008199999999999319,177.67530899982376,172.87779899999123
2020q1__trip_miles,4,1024,21484,0.0007800000000000029,70.83334999970248,50.704993000010745
2020q1__trip_miles,5,64,1708,0.017940000000000067,49.14413999995304,48.701354000002084
2020q1__trip_miles,5,128,3064,0.005479999999999985,165.3784159998395,164.44112300001734
2020q1__trip_miles,5,256,5772,0.0030999999999999917,36.41849599989655,36.101239999993595
2020q1__trip_miles,5,512,11376,0.0011999999999999789,35.83418299967889,35.82168900001648
2020q1__trip_miles,5,1024,21484,0.0006800000000000139,31.88451499954681,31.88792500000659
2020q1__trip_miles,6,64,1708,0.012340000000000018,32.016244000260485,32.01264000000492
2020q1__trip_miles,6,128,3064,0.0048000000000000265,37.082544000440976,36.32549099998528
2020q1__trip_miles,6,256,5772,0.0008000000000000229,167.96866900040186,167.7216509999937
2020q1__trip_miles,6,512,11376,0.0008000000000000229,52.81878300047538,49.577912999978935
2020q1__trip_miles,6,1024,21484,0.00034000000000000696,49.78058400047303,48.289944999993395
2020q1__trip_miles,7,64,1708,0.009340000000000015,36.05849599989597,36.0568849999936
2020q1__trip_miles,7,128,3064,0.005640000000000089,34.34082599960675,34.31719200000316
2020q1__trip_miles,7,256,5772,0.0016200000000000103,169.86155199992936,167.9020150000099
2020q1__trip_miles,7,512,11376,0.0017199999999999993,35.429007999482565,35.416324999999915
2020q1__trip_miles,7,1024,21484,0.0005199999999999649,31.01095800047915,31.015197000016315
2020q1__trip_miles,8,64,1708,0.005239999999999911,167.4260920008237,167.37508600002116
2020q1__trip_miles,8,128,3064,0.005099999999999993,37.65253700021276,37.59496399999307
2020q1__trip_miles,8,256,5772,0.0023400000000000087,31.85414900053729,31.855655000015304
2020q1__trip_miles,8,512,11376,0.0022600000000000398,165.29694000018935,165.12498099999107
2020q1__trip_miles,8,1024,21484,0.00038000000000004697,51.24310700011847,50.13011500000175
2020q1__trip_miles,9,64,1708,0.008020000000000027,177.56426300002204,175.57580900000858
2020q1__trip_miles,9,128,3064,0.0037199999999999456,52.92097300025489,51.33284400000093
2020q1__trip_miles,9,256,5772,0.0010999999999999899,177.99066599945945,177.66296499999612
2020q1__trip_miles,9,512,11376,0.0018000000000000238,48.5917360001622,48.58564600002069
2020q1__trip_miles,9,1024,21484,0.000260000000000038,35.32338399963919,35.32531600001221
2020q1__trip_miles,10,64,1708,0.007220000000000004,32.7434920000087,32.740123999985826
2020q1__trip_miles,10,128,3064,0.0044200000000000905,33.51352000026964,33.49952900001085
2020q1__trip_miles,10,256,5772,0.001960000000000073,39.81658100019558,39.820397999989154
2020q1__trip_miles,10,512,11376,0.0008799999999999919,171.39118500017503,171.24153099999262
2020q1__trip_miles,10,1024,21484,0.0006799999999999029,54.3623679996017,51.22319200000902
2020q1__trip_miles,11,64,1708,0.017799999999999927,36.33631599950604,36.3344760000075
2020q1__trip_miles,11,128,3064,0.006279999999999952,34.73085699988587,34.71678299999326
2020q1__trip_miles,11,256,5772,0.0028799999999999937,36.34873899954982,36.35222500000168
2020q1__trip_miles,11,512,11376,0.0017400000000000748,159.14417299973138,158.9894749999985
2020q1__trip_miles,11,1024,21484,0.0005600000000000049,34.12138299972867,34.12368399997945
2020q1__trip_miles,12,64,1708,0.009840000000000071,162.66685299979144,162.63063400000988
2020q1__trip_miles,12,128,3064,0.005500000000000005,47.677257000032114,47.656926999991356
2020q1__trip_miles,12,256,5772,0.0038599999999999746,51.502672000424354,50.96061400001872
2020q1__trip_miles,12,512,11376,0.0012400000000000189,173.94869000054314,172.08659300001727
2020q1__trip_miles,12,1024,21484,0.0008799999999999919,53.51271600011387,52.44614299999739
2020q1__trip_miles,13,64,1708,0.011900000000000022,162.8020630005267,162.5431850000041
2020q1__trip_miles,13,128,3064,0.0020999999999999908,34.954444000504736,34.92358700000864
2020q1__trip_miles,13,256,5772,0.0038599999999999746,32.40243400068721,32.404611000004024
2020q1__trip_miles,13,512,11376,0.0024800000000000377,168.66299100001925,168.52343899998345
2020q1__trip_miles,13,1024,21484,0.000260000000000038,31.092200999410124,31.096063999996204
2020q1__trip_miles,14,64,1708,0.01204000000000005,33.53856400008226,33.53768200000218
2020q1__trip_miles,14,128,3064,0.0040200000000000236,164.39410199927806,164.3486389999964
2020q1__trip_miles,14,256,5772,0.0015399999999999858,34.764611999889894,34.76700100000585
2020q1__trip_miles,14,512,11376,0.00046000000000001595,30.66415200009942,30.667049000015822
2020q1__trip_miles,14,1024,21484,0.00046000000000001595,37.07040400058759,37.06110199999557
2020q1__trip_miles,15,64,1708,0.007600000000000051,48.75653599992802,47.558937999980344
2020q1__trip_miles,15,128,3064,0.00718000000000002,173.67510900021443,173.61221400000204
2020q1__trip_miles,15,256,5772,0.0013800000000000479,44.02562300037971,44.02695100000642
2020q1__trip_miles,15,512,11376,0.0013199999999999878,37.15775000000576,37.16140899999232
2020q1__trip_miles,15,1024,21484,0.00043999999999999595,168.25022799912404,168.0583659999968
2020q1__trip_miles,16,64,1708,0.005539999999999989,48.1907190005586,48.17165699998327
2020q1__trip_miles,16,128,3064,0.006800000000000028,157.4263840002459,157.39523599998506
2020q1__trip_miles,16,256,5772,0.002080000000000082,43.31801100033772,43.2949070000177
2020q1__trip_miles,16,512,11376,0.0011400000000000299,36.12179900028423,36.10633199997437
2020q1__trip_miles,16,1024,21484,0.0009200000000000319,36.9257149995974,36.92914399999836
2020q1__trip_miles,17,64,1708,0.007000000000000006,50.73562400048104,50.73472600000173
2020q1__trip_miles,17,128,3064,0.0046599999999999975,33.70677399925626,33.708533999998735
2020q1__trip_miles,17,256,5772,0.0020000000000000018,157.01355900000635,156.9812319999926
2020q1__trip_miles,17,512,11376,0.00041999999999997595,36.102437999943504,36.10544899999013
2020q1__trip_miles,17,1024,21484,0.00043999999999999595,33.347010999932536,33.33659900002317
2020q1__trip_miles,18,64,1708,0.012639999999999985,39.06815800019103,39.04776000001675
2020q1__trip_miles,18,128,3064,0.004280000000000006,36.64104500057874,36.64353799999276
2020q1__trip_miles,18,256,5772,0.0027000000000000357,39.16193499935616,39.150396999986015
2020q1__trip_miles,18,512,11376,0.0016800000000000148,166.38025799966272,166.22281300001873
2020q1__trip_miles,18,1024,21484,0.00024000000000001798,34.812044000318565,34.814648999997644
2020q1__trip_miles,19,64,1708,0.009959999999999969,166.96474899981695,166.92916599998853
2020q1__trip_miles,19,128,3064,0.005340000000000011,52.17451499993331,52.11469900001475
2020q1__trip_miles,19,256,5772,0.0027000000000000357,46.142023999891535,46.14363000001731
2020q1__trip_miles,19,512,11376,0.0032799999999999496,165.6332160000602,165.60705399999165
2020q1__trip_miles,19,1024,21484,0.0009200000000000319,40.03852900041238,40.026671999982
2020q1__trip_miles,20,64,1708,0.014759999999999995,160.76481900017825,160.6509190000054
2020q1__trip_miles,20,128,3064,0.006460000000000021,31.399960999806353,31.38838899999996
2020q1__trip_miles,20,256,5772,0.0014399999999999968,32.06555900032981,32.06759500000089
2020q1__trip_miles,20,512,11376,0.00035999999999991594,162.90571099943918,162.8400259999978
2020q1__trip_miles,20,1024,21484,0.000260000000000038,37.83757200017135,37.838690999990376
2020q1__trip_miles,21,64,1708,0.011319999999999997,30.950782999752846,30.948145999985854
2020q1__trip_miles,21,128,3064,0.005719999999999947,169.76720899947395,169.71661700000595
2020q1__trip_miles,21,256,5772,0.0035399999999999876,51.60007799986488,51.0310110000205
2020q1__trip_miles,21,512,11376,0.0011200000000000099,37.2324550007761,37.23535000000311
2020q1__trip_miles,21,1024,21484,0.00043999999999999595,165.12756399970385,165.06939000001353
2020q1__trip_miles,22,64,1708,0.005919999999999925,32.33842699955858,32.337000000012495
2020q1__trip_miles,22,128,3064,0.0024399999999999977,167.32757699992362,167.14813300001197
2020q1__trip_miles,22,256,5772,0.0017000000000000348,34.41722600018693,34.40510699999777
2020q1__trip_miles,22,512,11376,0.0006599999999999939,31.782690000000002,31.786642000014353
2020q1__trip_miles,22,1024,21484,0.000260000000000038,35.23901799962914,35.222905000011906
2020q1__trip_miles,23,64,1708,0.011860000000000093,35.24795799967251,35.24639200000479
2020q1__trip_miles,23,128,3064,0.008260000000000045,34.48438599934889,34.42132799997921
2020q1__trip_miles,23,256,5772,0.0012199999999999989,36.576927000169235,36.577960000016674
2020q1__trip_miles,23,512,11376,0.0011800000000000699,176.4192330001606,174.29713699999638
2020q1__trip_miles,23,1024,21484,0.00036000000000002697,46.21559600036562,46.05858900001181
2020q1__trip_miles,24,64,1708,0.015619999999999967,42.74498099948687,42.72868399999652
2020q1__trip_miles,24,128,3064,0.0045200000000000795,36.135574999207165,36.137201000002506
2020q1__trip_miles,24,256,5772,0.0034199999999999786,170.19004099984159,169.91989100000637
2020q1__trip_miles,24,512,11376,0.0008799999999999919,50.163370000518626,50.16543600001455
2020q1__trip_miles,24,1024,21484,0.0010199999999999099,37.454001000696735,37.43948400000363
2020q1__trip_miles,25,64,1708,0.013399999999999967,40.97938500035525,40.956984999979795
2020q1__trip_miles,25,128,3064,0.00653999999999999,32.345151000299666,32.34853600000065
2020q1__trip_miles,25,256,5772,0.0007599999999999829,34.29995399983454,34.28512799999339
2020q1__trip_miles,25,512,11376,0.0019000000000000128,165.74142800072877,165.50846800001295
2020q1__trip_miles,25,1024,21484,0.000200000000000089,52.48155199933535,52.02833000001306
2020q1__trip_miles,26,64,1708,0.01985999999999999,160.25530800015986,160.21560699999782
2020q1__trip_miles,26,128,3064,0.0044599999999999085,36.48311199958698,36.46844900001156
2020q1__trip_miles,26,256,5772,0.0015800000000000258,30.630580999968515,30.63305699998864
2020q1__trip_miles,26,512,11376,0.0011999999999999789,169.25245399943378,169.07568000002016
2020q1__trip_miles,26,1024,21484,0.00034000000000000696,33.741033999831416,33.744619000003695
2020q1__trip_miles,27,64,1708,0.005840000000000067,34.116224000172224,34.12615400000618
2020q1__trip_miles,27,128,3064,0.0043199999999999905,168.69349900025554,168.63460499999405
2020q1__trip_miles,27,256,5772,0.003039999999999987,30.908970999917074,30.895117000000027
2020q1__trip_miles,27,512,11376,0.0011999999999999789,39.680009999756294,39.681373000007625
2020q1__trip_miles,27,1024,21484,0.000300000000000078,165.17369100074575,164.94805199999973
2020q1__trip_miles,28,64,1708,0.006879999999999997,45.83717599962256,45.78288700000144
2020q1__trip_miles,28,128,3064,0.0035200000000000786,161.18910099976347,161.13710999999853
2020q1__trip_miles,28,256,5772,0.0028000000000000247,41.75389400006679,41.74475800002142
2020q1__trip_miles,28,512,11376,0.0013199999999999878,41.537024999342975,41.52000899998143
2020q1__trip_miles,28,1024,21484,0.0004999999999999449,165.64851200018893,163.79877299999634
2020q1__trip_miles,29,64,1708,0.01654,32.910105000155454,32.89266300001259
2020q1__trip_miles,29,128,3064,0.006279999999999952,32.89005500027997,32.8933030000087
2020q1__trip_miles,29,256,5772,0.0041200000000000125,167.3910910003542,167.1872139999948
2020q1__trip_miles,29,512,11376,0.0008200000000000429,38.34252000069682,38.345531000004485
2020q1__trip_miles,29,1024,21484,0.0016200000000000658,37.03296599996975,37.02159900001334
2020q1__trip_miles,30,64,1708,0.008920000000000039,51.94350799956737,51.920063000011396
2020q1__trip_miles,30,128,3064,0.006079999999999974,38.87488199961808,38.86196100000916
2020q1__trip_miles,30,256,5772,0.0031400000000000317,160.23054099969158,160.1728640000033
2020q1__trip_miles,30,512,11376,0.0018599999999999728,38.598174000071594,38.45475099998907
2020q1__trip_miles,30,1024,21484,0.0005999999999999339,38.55690900036279,38.498131000011426
2020q1__trip_miles,31,64,1708,0.015039999999999942,33.717878999595996,33.6881579999897
2020q1__trip_miles,31,128,3064,0.006879999999999997,49.92888600008882,49.71627000000467
2020q1__trip_miles,31,256,5772,0.0028799999999999937,175.2228199993624,175.1633930000196
2020q1__trip_miles,31,512,11376,0.0008799999999999919,49.857375000101456,49.860368999986804
2020q1__trip_miles,31,1024,21484,0.00029999999999996696,48.99232400020992,48.976055999986556
2020q1__trip_miles,32,64,1708,0.0044399999999999995,47.52500199992937,47.2088539999902
2020q1__trip_miles,32,128,3064,0.0047800000000000065,172.8979139998046,172.51443600000016
2020q1__trip_miles,32,256,5772,0.0025199999999999667,32.5411140001961,32.54270899998346
2020q1__trip_miles,32,512,11376,0.001960000000000073,35.161288999915996,35.15027299999929
2020q1__trip_miles,32,1024,21484,0.0005600000000000049,36.86528999969596,36.86800200000562
2020q1__trip_miles,33,64,1708,0.01424000000000003,53.42580399974395,53.3984629999793
2020q1__trip_miles,33,128,3064,0.0045399999999999885,35.47600300043996,35.4789920000087
2020q1__trip_miles,33,256,5772,0.0035800000000000276,165.5771719997574,165.37065900001835
2020q1__trip_miles,33,512,11376,0.0010999999999999899,38.45649400045659,38.45984800000224
2020q1__trip_miles,33,1024,21484,0.0006399999999999739,46.68581700025243,46.67048999999679
2020q1__trip_miles,34,64,1708,0.007699999999999985,59.83206099972449,59.81508100001065
2020q1__trip_miles,34,128,3064,0.00768000000000002,175.76490500050568,175.3471339999919
2020q1__trip_miles,34,256,5772,0.0031999999999999806,38.91888900034246,38.921208999994406
2020q1__trip_miles,34,512,11376,0.0009199999999999209,35.69892700033961,35.68619999998646
2020q1__trip_miles,34,1024,21484,0.0010799999999999699,162.4687620005716,162.39914099998032
2020q1__trip_miles,35,64,1708,0.010319999999999996,35.46275900043838,35.459464000012986
2020q1__trip_miles,35,128,3064,0.0045800000000000285,36.54757299955236,36.53234699999075
2020q1__trip_miles,35,256,5772,0.002599999999999991,167.47055700034252,167.4380339999857
2020q1__trip_miles,35,512,11376,0.0011400000000000299,37.569541999801004,37.55164900002228
2020q1__trip_miles,35,1024,21484,0.0005800000000000249,39.47810399949958,39.48238999998921
2020q1__trip_miles,36,64,1708,0.011299999999999977,55.39568699987285,55.402064000020346
2020q1__trip_miles,36,128,3064,0.005539999999999989,177.20108700086712,177.16190699999856
2020q1__trip_miles,36,256,5772,0.0024800000000000377,57.294113999887486,56.74493099999722
2020q1__trip_miles,36,512,11376,0.0013400000000000079,57.451376000244636,57.116798000009794
2020q1__trip_miles,36,1024,21484,0.0006599999999999939,162.39283499999146,162.13774400000602
2020q1__trip_miles,37,64,1708,0.007780000000000009,36.412417000065034,36.410169999982145
2020q1__trip_miles,37,128,3064,0.007160000000000055,159.11761999996088,158.9812189999975
2020q1__trip_miles,37,256,5772,0.0033600000000000296,39.962062999620684,39.96409000001222
2020q1__trip_miles,37,512,11376,0.0010000000000000009,30.92906099936954,30.91426000000297
2020q1__trip_miles,37,1024,21484,0.00031999999999998696,36.56962300010491,36.57240700002262
2020q1__trip_miles,38,64,1708,0.005920000000000036,55.0862430000052,54.735502999989194
2020q1__trip_miles,38,128,3064,0.010179999999999967,168.7244129998362,168.34126700001661
2020q1__trip_miles,38,256,5772,0.0015600000000000058,39.543207999486185,39.546647999998186
2020q1__trip_miles,38,512,11376,0.0011999999999999789,36.88509099993098,36.86276300001623
2020q1__trip_miles,38,1024,21484,0.00027999999999994696,39.664841000558226,39.61727899999801
2020q1__trip_miles,39,64,1708,0.015120000000000022,47.59636099970521,47.581987000000936
2020q1__trip_miles,39,128,3064,0.00871999999999995,34.40247900016402,34.40454999997655
2020q1__trip_miles,39,256,5772,0.0019199999999999218,172.67513600017992,172.6263470000049
2020q1__trip_miles,39,512,11376,0.0012799999999999478,33.30377899965242,33.30616599998848
2020q1__trip_miles,39,1024,21484,0.00048000000000003595,37.66612500021438,37.65812399998936
2020q1__trip_seconds,0,64,1708,0.017359999999999987,55.469761000495055,55.03089699999464
2020q1__trip_seconds,0,128,3064,0.0031600000000000517,162.1433469999829,162.03784999999016
2020q1__trip_seconds,0,256,5772,0.0032600000000000406,34.2607210004644,34.21394299999747
2020q1__trip_seconds,0,512,11376,0.0018599999999999728,38.012617000276805,38.01588999999694
2020q1__trip_seconds,0,1024,21484,0.0007000000000000062,43.55578900049295,43.46518500000229
2020q1__trip_seconds,1,64,1708,0.010059999999999958,35.134099000060814,35.132134000008364
2020q1__trip_seconds,1,128,3064,0.00467999999999999,38.31508799976291,38.299424000001636
2020q1__trip_seconds,1,256,5772,0.001040000000000041,168.4863390000828,168.33945699997344
2020q1__trip_seconds,1,512,11376,0.0009799999999999809,33.1685600003766,33.148812999996835
2020q1__trip_seconds,1,1024,21484,0.0005199999999999649,33.258291000493045,33.26101999999764
2020q1__trip_seconds,2,64,1708,0.007240000000000024,56.85630300013145,56.16143100002091
2020q1__trip_seconds,2,128,3064,0.0066799999999999915,52.59479899996222,52.14583900001912
2020q1__trip_seconds,2,256,5772,0.002599999999999991,170.0105790005182,169.92891600000348
2020q1__trip_seconds,2,512,11376,0.001460000000000003,45.485399000426696,45.48927300001537
2020q1__trip_seconds,2,1024,21484,0.0004799999999999943,165.9345990001384,165.7668889999968
2020q1__trip_seconds,3,64,1708,0.01040000000000002,39.817990000301506,39.790955999990274
2020q1__trip_seconds,3,128,3064,0.0030000000000000027,35.53502400063735,35.537263000009034
2020q1__trip_seconds,3,256,5772,0.0019000000000000128,163.48744599963538,163.44106000002512
2020q1__trip_seconds,3,512,11376,0.0014200000000000046,39.32013800022105,39.26653399997804
2020q1__trip_seconds,3,1024,21484,0.00038000000000000533,45.32119600025908,45.323155999994924
2020q1__trip_seconds,4,64,1708,0.006240000000000023,52.199248000761145,51.886942000010094
2020q1__trip_seconds,4,128,3064,0.008279999999999954,168.39844999958586,168.27003000000218
2020q1__trip_seconds,4,256,5772,0.0023600000000000287,44.72998799974448,44.6662379999907
2020q1__trip_seconds,4,512,11376,0.0012600000000000389,44.312576000265835,44.300264999975525
2020q1__trip_seconds,4,1024,21484,0.0006800000000000139,172.47540300013497,172.3508739999886
2020q1__trip_seconds,5,64,1708,0.014680000000000026,47.19276000014361,47.172845000005736
2020q1__trip_seconds,5,128,3064,0.0040999999999999925,162.05056899980264,161.87653700001192
2020q1__trip_seconds,5,256,5772,0.0033000000000000806,36.29458999967028,35.92877200000544
2020q1__trip_seconds,5,512,11376,0.0016399999999999748,34.34846500022104,34.33672200000615
2020q1__trip_seconds,5,1024,21484,0.00036000000000002697,35.20125200066104,35.20426599999382
2020q1__trip_seconds,6,64,1708,0.007000000000000006,45.90934899988497,45.38379800001735
2020q1__trip_seconds,6,128,3064,0.005340000000000011,167.87514799943892,166.8524840000032
2020q1__trip_seconds,6,256,5772,0.0020200000000000218,34.558831000140344,34.562837999999374
2020q1__trip_seconds,6,512,11376,0.0017400000000000193,44.00134500065178,44.0049659999886
2020q1__trip_seconds,6,1024,21484,0.0005200000000000204,175.62864499996067,175.38621700001045
2020q1__trip_seconds,7,64,1708,0.013900000000000023,37.36292000030517,37.361607000008235
2020q1__trip_seconds,7,128,3064,0.005539999999999989,34.816447999219235,34.803230999983725
2020q1__trip_seconds,7,256,5772,0.0036199999999999566,170.69112599983782,170.61926399998129
2020q1__trip_seconds,7,512,11376,0.0012800000000000589,32.05430599973624,32.05713700000956
2020q1__trip_seconds,7,1024,21484,0.0007999999999999952,38.55049300000246,38.53834099999176
2020q1__trip_seconds,8,64,1708,0.013259999999999994,50.473280000005616,50.45303800000056
2020q1__trip_seconds,8,128,3064,0.003720000000000001,38.935745999879146,38.938513999994484
2020q1__trip_seconds,8,256,5772,0.00238,163.6434020001616,163.52017499997373
2020q1__trip_seconds,8,512,11376,0.0015800000000000258,32.84103499936464,32.82706400000279
2020q1__trip_seconds,8,1024,21484,0.0007000000000000339,34.38717599965457,34.39059100000463
2020q1__trip_seconds,9,64,1708,0.010259999999999991,50.86855599984119,50.8526020000204
2020q1__trip_seconds,9,128,3064,0.005500000000000005,37.800000999595795,37.74628200000052
2020q1__trip_seconds,9,256,5772,0.0018400000000000638,166.6480629992293,166.54564899999968
2020q1__trip_seconds,9,512,11376,0.0005399999999999849,45.05498599974089,45.02317600000083
2020q1__trip_seconds,9,1024,21484,0.00032000000000000084,36.66722999969352,36.62812400000348
2020q1__trip_seconds,10,64,1708,0.013860000000000011,54.79474999992817,54.79242399999862
2020q1__trip_seconds,10,128,3064,0.004580000000000001,45.726625999122916,45.72942400000102
2020q1__trip_seconds,10,256,5772,0.0015800000000000258,169.93718100002297,169.90440000000717
2020q1__trip_seconds,10,512,11376,0.0015600000000000058,40.61399199963489,40.61842299998375
2020q1__trip_seconds,10,1024,21484,0.00029999999999996696,37.066877000142995,37.056884999998374
2020q1__trip_seconds,11,64,1708,0.013519999999999976,34.08285600016825,34.057588999985455
2020q1__trip_seconds,11,128,3064,0.006099999999999994,31.54853700016247,31.55124599999226
2020q1__trip_seconds,11,256,5772,0.0026000000000000467,32.45282999978372,32.44296799999802
2020q1__trip_seconds,11,512,11376,0.0019200000000000328,165.26188500029093,165.20060299998818
2020q1__trip_seconds,11,1024,21484,0.0008599999999999997,34.09356700012722,34.095549999989316
2020q1__trip_seconds,12,64,1708,0.010740000000000027,165.77765600050043,165.74363899999867
2020q1__trip_seconds,12,128,3064,0.00546000000000002,50.09415600034117,50.097311999991234
2020q1__trip_seconds,12,256,5772,0.0025399999999999867,48.592097999971884,48.580200000003515
2020q1__trip_seconds,12,512,11376,0.0009200000000000319,175.71276600028796,175.46805100002416
2020q1__trip_seconds,12,1024,21484,0.0003999999999999976,51.55398599981709,51.255358000020124
2020q1__trip_seconds,13,64,1708,0.0049200000000000355,55.184387000736024,52.83767700001363
2020q1__trip_seconds,13,128,3064,0.003920000000000035,179.6689230004631,177.25908799999956
2020q1__trip_seconds,13,256,5772,0.0013799999999999368,47.2290650004652,47.17185999999174
2020q1__trip_seconds,13,512,11376,0.0008799999999999919,36.25712699977157,36.259481999991294
2020q1__trip_seconds,13,1024,21484,0.0007800000000000029,160.22258400062128,160.17904500000668
2020q1__trip_seconds,14,64,1708,0.021579999999999988,45.156813000176044,45.153161000001774
2020q1__trip_seconds,14,128,3064,0.004519999999999996,165.60727099931682,163.50482499998975
2020q1__trip_seconds,14,256,5772,0.0025400000000000006,49.155040000187,49.12684999999328
2020q1__trip_seconds,14,512,11376,0.0013600000000000279,34.98240400040231,34.987177000004976
2020q1__trip_seconds,14,1024,21484,0.0003399999999999931,168.94206600045436,168.8171800000191
2020q1__trip_seconds,15,64,1708,0.009240000000000026,32.34697900006722,32.32870799999432
2020q1__trip_seconds,15,128,3064,0.007020000000000026,33.833057999800076,33.83465299998534
2020q1__trip_seconds,15,256,5772,0.0032200000000000006,165.99687500001892,165.94492500001934
2020q1__trip_seconds,15,512,11376,0.0003999999999999976,39.210917999298545,39.21294700000999
2020q1__trip_seconds,15,1024,21484,0.0011400000000000021,42.706473999714945,42.709290000004785
2020q1__trip_seconds,16,64,1708,0.011820000000000011,49.83600500054308,49.83301400000073
2020q1__trip_seconds,16,128,3064,0.00653999999999999,49.895498999831034,49.89677099999312
2020q1__trip_seconds,16,256,5772,0.003920000000000035,169.58574900036183,169.3375650000064
2020q1__trip_seconds,16,512,11376,0.0011999999999999789,39.71276099946408,39.71567599998593
2020q1__trip_seconds,16,1024,21484,0.0007599999999999829,42.65377299998363,42.572524999997086
2020q1__trip_seconds,17,64,1708,0.013359999999999927,39.36292799971852,39.34024399998748
2020q1__trip_seconds,17,128,3064,0.0045000000000000595,38.81449300024542,38.801554000002625
2020q1__trip_seconds,17,256,5772,0.0047199999999999465,165.4508880001231,165.41642899997555
2020q1__trip_seconds,17,512,11376,0.0010799999999999699,39.8643099997571,39.84891999999718
2020q1__trip_seconds,17,1024,21484,0.0005399999999999849,35.17495899995993,35.16881799998828
2020q1__trip_seconds,18,64,1708,0.010419999999999985,51.22099199979857,51.19770700000004
2020q1__trip_seconds,18,128,3064,0.005319999999999991,31.70812799999112,31.711086999990812
2020q1__trip_seconds,18,256,5772,0.0021799999999999597,160.4082820003896,160.36881600001607
2020q1__trip_seconds,18,512,11376,0.0011600000000000499,37.82887800025492,37.83068100000264
2020q1__trip_seconds,18,1024,21484,0.0008200000000000429,36.36884600018675,36.371551999991425
2020q1__trip_seconds,19,64,1708,0.011819999999999997,166.07509400000708,165.8702910000045
2020q1__trip_seconds,19,128,3064,0.005839999999999956,34.616838000147254,34.620592999999644
2020q1__trip_seconds,19,256,5772,0.0036599999999999966,35.64997599914932,35.63680400000635
2020q1__trip_seconds,19,512,11376,0.0016800000000000148,161.12508900005196,160.9996770000066
2020q1__trip_seconds,19,1024,21484,0.00039999999999995595,40.85377100000187,40.85531799998421
2020q1__trip_seconds,20,64,1708,0.010120000000000018,37.294677999852865,37.293350999988206
2020q1__trip_seconds,20,128,3064,0.0049200000000000355,164.28849099975196,164.22037500001352
2020q1__trip_seconds,20,256,5772,0.0041799999999999615,49.02687200046785,49.02946999999358
2020q1__trip_seconds,20,512,11376,0.0021200000000000108,32.39594800015766,32.39699700000642
2020q1__trip_seconds,20,1024,21484,0.00043999999999999595,162.62858399932156,162.5312930000007
2020q1__trip_seconds,21,64,1708,0.01214000000000004,33.747126999514876,33.725693999997475
2020q1__trip_seconds,21,128,3064,0.0034199999999999786,41.12964399973862,41.13094800001704
2020q1__trip_seconds,21,256,5772,0.0023999999999999994,159.3733820000125,159.2581550000034
2020q1__trip_seconds,21,512,11376,0.0008799999999999919,34.24385599919333,34.24737700001401
2020q1__trip_seconds,21,1024,21484,0.0005600000000000049,36.340448000373726,36.321079999993344
2020q1__trip_seconds,22,64,1708,0.013419999999999987,38.052560000323865,38.03528000000256
2020q1__trip_seconds,22,128,3064,0.0024199999999999777,39.62328099987644,39.62536500000624
2020q1__trip_seconds,22,256,5772,0.0017399999999999985,39.57582699968043,39.564506999994364
2020q1__trip_seconds,22,512,11376,0.0016599999999999948,174.9006760001066,174.85276299998986
2020q1__trip_seconds,22,1024,21484,0.0007599999999999829,41.175927999574924,41.176721999988786
2020q1__trip_seconds,23,64,1708,0.008199999999999985,158.38153699951363,158.3432810000147
2020q1__trip_seconds,23,128,3064,0.0028000000000000247,33.36257099999784,33.35204799998337
2020q1__trip_seconds,23,256,5772,0.0018600000000000005,33.97101200062025,33.97469399999409
2020q1__trip_seconds,23,512,11376,0.0021599999999999953,167.4530259997482,167.3409569999933
2020q1__trip_seconds,23,1024,21484,0.0008599999999999997,34.67756999998528,34.67965400000139
2020q1__trip_seconds,24,64,1708,0.008619999999999989,34.24177300075826,34.23999400001776
2020q1__trip_seconds,24,128,3064,0.0046000000000000485,161.15003199956845,161.10134800001674
2020q1__trip_seconds,24,256,5772,0.0016200000000000103,48.78748600003746,48.78945599998019
2020q1__trip_seconds,24,512,11376,0.0016200000000000103,33.84484900016105,33.84782099999484
2020q1__trip_seconds,24,1024,21484,0.0005199999999999649,169.53158199976315,169.50550999999336
2020q1__trip_seconds,25,64,1708,0.015880000000000005,43.65442500056815,43.65111299998148
2020q1__trip_seconds,25,128,3064,0.0045999999999999375,32.69059799913521,32.69264399997951
2020q1__trip_seconds,25,256,5772,0.0020000000000000018,160.6807830003163,160.64649500000883
2020q1__trip_seconds,25,512,11376,0.0012799999999999478,37.17780099941592,37.163130999999794
2020q1__trip_seconds,25,1024,21484,0.0010000000000000009,35.76605799935351,35.77032800001234
2020q1__trip_seconds,26,64,1708,0.015840000000000076,41.14370200022677,41.141412000001765
2020q1__trip_seconds,26,128,3064,0.007759999999999989,49.35486800059152,49.31616200002509
2020q1__trip_seconds,26,256,5772,0.0013799999999999368,159.64588599945273,159.57881099998872
2020q1__trip_seconds,26,512,11376,0.0008399999999999519,31.13916300026176,31.142802000005076
2020q1__trip_seconds,26,1024,21484,0.0005800000000000249,37.693846999900416,37.679160999999795
2020q1__trip_seconds,27,64,1708,0.016820000000000057,173.27329300042038,173.21091999997407
2020q1__trip_seconds,27,128,3064,0.0041400000000000325,42.59334600010334,42.594409000003
2020q1__trip_seconds,27,256,5772,0.0012600000000000389,33.46739999960846,33.47056799998427
2020q1__trip_seconds,27,512,11376,0.0016800000000000148,160.33812900059274,160.30712500000277
2020q1__trip_seconds,27,1024,21484,0.0006599999999999939,32.8257470000608,32.83758000000603
2020q1__trip_seconds,28,64,1708,0.006220000000000003,166.5778730002785,166.45158800000104
2020q1__trip_seconds,28,128,3064,0.0033400000000000096,33.24907499973051,33.23580799997217
2020q1__trip_seconds,28,256,5772,0.0031400000000000317,38.63378999994893,38.63573999998948
2020q1__trip_seconds,28,512,11376,0.00039999999999995595,35.37152700027946,35.359767999977976
2020q1__trip_seconds,28,1024,21484,0.0009799999999999809,166.79700199983927,166.76397500000917
2020q1__trip_seconds,29,64,1708,0.011500000000000066,35.039248000430234,35.037023000001
2020q1__trip_seconds,29,128,3064,0.0038000000000000256,166.6893949995938,166.60882900001184
2020q1__trip_seconds,29,256,5772,0.0020599999999999508,49.308213000585965,49.30990900001575
2020q1__trip_seconds,29,512,11376,0.0008799999999999919,43.53621100017335,43.53716700001087
2020q1__trip_seconds,29,1024,21484,0.00036000000000002697,161.07664399987698,161.03277499999535
2020q1__trip_seconds,30,64,1708,0.005879999999999996,33.875869999974384,33.87488900000335
2020q1__trip_seconds,30,128,3064,0.007379999999999998,38.303419999465405,38.22386799998867
2020q1__trip_seconds,30,256,5772,0.0022999999999999687,163.40353499981575,163.37307899999587
2020q1__trip_seconds,30,512,11376,0.0006599999999999939,33.69538700007979,33.682490000018106
2020q1__trip_seconds,30,1024,21484,0.00025999999999992696,30.25180599979649,30.253274000017427
2020q1__trip_seconds,31,64,1708,0.014079999999999981,48.47868100023334,48.44970600001375
2020q1__trip_seconds,31,128,3064,0.011460000000000026,41.40672099947551,41.407622999997784
2020q1__trip_seconds,31,256,5772,0.0012999999999999678,164.43257499940955,164.39738900001544
2020q1__trip_seconds,31,512,11376,0.0008400000000000629,50.361376000182645,50.362216999985776
2020q1__trip_seconds,31,1024,21484,0.00019999999999997797,39.005628999802866,39.00655799998276
2020q1__trip_seconds,32,64,1708,0.012340000000000018,34.97283900014736,34.97140100000706
2020q1__trip_seconds,32,128,3064,0.003459999999999998,32.80737800014322,32.809986999978946
2020q1__trip_seconds,32,256,5772,0.0030400000000000427,36.056683999959205,36.059520000009115
2020q1__trip_seconds,32,512,11376,0.000900000000000005,163.0130379999173,162.904645999987
2020q1__trip_seconds,32,1024,21484,0.0008000000000000021,36.158121999505966,36.1596819999761
2020q1__trip_seconds,33,64,1708,0.00990000000000002,36.17641199980426,36.17435300000693
2020q1__trip_seconds,33,128,3064,0.005700000000000038,169.08682900066196,169.01951599999165
2020q1__trip_seconds,33,256,5772,0.0043999999999999595,31.98529800010874,31.988545000018576
2020q1__trip_seconds,33,512,11376,0.0014600000000000168,36.652597000284004,36.65497399998685
2020q1__trip_seconds,33,1024,21484,0.0007800000000000029,164.7748750001483,164.6355699999731
2020q1__trip_seconds,34,64,1708,0.010019999999999973,34.109825999621535,34.10819000001197
2020q1__trip_seconds,34,128,3064,0.006999999999999992,161.00835299948812,160.9856639999805
2020q1__trip_seconds,34,256,5772,0.0022199999999999998,49.649478999526764,49.652127000001656
2020q1__trip_seconds,34,512,11376,0.0007399999999999976,45.99795800004358,45.984519000001
2020q1__trip_seconds,34,1024,21484,0.0006000000000000449,163.59089000070526,163.4962480000013
2020q1__trip_seconds,35,64,1708,0.007859999999999978,30.727951999324432,30.7253860000003
2020q1__trip_seconds,35,128,3064,0.007780000000000009,32.02782000062143,32.01152599999091
2020q1__trip_seconds,35,256,5772,0.0024799999999999267,161.578062999979,161.53056799998922
2020q1__trip_seconds,35,512,11376,0.0006000000000000449,40.37494600015634,40.359230000007074
2020q1__trip_seconds,35,1024,21484,0.00039999999999995595,47.98687799939216,47.9650730000003
2020q1__trip_seconds,36,64,1708,0.014060000000000003,51.80427399955079,49.401644999989
2020q1__trip_seconds,36,128,3064,0.007759999999999989,179.40314699990267,176.21237700001302
2020q1__trip_seconds,36,256,5772,0.00046000000000001595,54.92021400004887,52.426811999993106
2020q1__trip_seconds,36,512,11376,0.0009399999999999964,53.44415399940772,51.551829000004545
2020q1__trip_seconds,36,1024,21484,0.0004999999999999449,163.43965400028537,162.07537400001115
2020q1__trip_seconds,37,64,1708,0.01537999999999995,33.9160269995773,33.38844800001084
2020q1__trip_seconds,37,128,3064,0.010099999999999998,162.8390819996639,162.79326999998034
2020q1__trip_seconds,37,256,5772,0.003360000000000002,47.8626180001811,47.86399199997504
2020q1__trip_seconds,37,512,11376,0.0025800000000000267,30.601217000366887,30.60342599999899
2020q1__trip_seconds,37,1024,21484,0.0003999999999999976,35.63420099999348,35.63627500000166
2020q1__trip_seconds,38,64,1708,0.007099999999999995,53.629375000127766,51.065791000013405
2020q1__trip_seconds,38,128,3064,0.005179999999999962,163.68094999961613,163.64654700001324
2020q1__trip_seconds,38,256,5772,0.001919999999999998,37.506828000005044,37.51050399998235
2020q1__trip_seconds,38,512,11376,0.0016200000000000658,33.726591000231565,33.72884899999917
2020q1__trip_seconds,38,1024,21484,0.00039999999999995595,42.25088600014715,42.253156000015224
2020q1__trip_seconds,39,64,1708,0.019120000000000026,38.61158499967132,38.61048999999639
2020q1__trip_seconds,39,128,3064,0.0030399999999999316,35.58706999956485,35.568785000009484
2020q1__trip_seconds,39,256,5772,0.005780000000000007,163.68001599948911,163.5979680000048
2020q1__trip_seconds,39,512,11376,0.0017199999999999438,41.34013099974254,41.317163999991635
2020q1__trip_seconds,39,1024,21484,0.0009000000000000119,32.031825000558456,32.0351290000076
